host,states,n_targets,page_types,external_host,http_status,http_version,redirects,final_url,content_type,server,cdn_headers,error,has_robots,soft_404,n_bytes,n_groups,star_disallow,star_allow,blocks_all_star,crawl_delay_star,n_sitemaps,sitemaps,ai_bots_blocked,n_ai_blocked,archive_bots_blocked,tool_bots_blocked,n_targets_disallowed,targets_disallowed
browardvotes.gov,FL,6,early_voting|elections|homepage|polling|results|voter_registration,false,200,h2,0,https://browardvotes.gov/robots.txt,text/plain,nginx,x-cache;x-cache-hits;x-served-by,,true,false,2141,1,35,22,false,,0,,,0,,,0,
clayelections.gov,FL,6,early_voting|elections|homepage|polling|results|voter_registration,false,200,h2,0,https://clayelections.gov/robots.txt,text/plain,cloudflare,cf-cache-status;cf-ray;x-cache;x-cacheable,,true,false,461,1,7,1,false,10.0,1,https://clayelections.gov/sitemap_index.xml,,0,,,0,
dixievotes.gov,FL,6,early_voting|elections|homepage|polling|results|voter_registration,false,200,h2,0,https://dixievotes.gov/robots.txt,text/plain,cloudflare,cf-apo-via;cf-cache-status;cf-ray,,true,false,1859,10,0,2,false,,0,,amazonbot|applebot-extended|bytespider|ccbot|claudebot|google-extended|gptbot|meta-externalagent,8,,,0,
elections.sumtercountyfl.gov,FL,5,early_voting|elections|homepage|polling|voter_registration,false,200,h2,0,https://elections.sumtercountyfl.gov/robots.txt,text/plain,cloudflare,cf-cache-status;cf-ray,,true,false,816,6,23,0,false,20.0,1,/sitemap.xml,,0,,,0,
escambiavotes.gov,FL,5,early_voting|homepage|polling|results|voter_registration,false,200,h2,0,https://escambiavotes.gov/robots.txt,text/plain,cloudflare,cf-cache-status;cf-ray,,true,false,232,1,0,1,false,,1,https://myescambia.com/sitemap/sitemap.xml,,0,,,0,
hardeeflvotes.gov,FL,4,early_voting|elections|homepage|polling,false,200,h2,0,https://hardeeflvotes.gov/robots.txt,text/plain,Apache,,,true,false,118,1,1,1,false,,1,https://hardeeflvotes.gov/wp-sitemap.xml,,0,,,0,
holmeselectionsfl.gov,FL,4,elections|homepage|polling|voter_registration,false,200,h2,0,https://holmeselectionsfl.gov/robots.txt,text/plain,cloudflare,cf-apo-via;cf-cache-status;cf-ray,,true,false,125,1,1,1,false,,1,https://holmeselectionsfl.gov/wp-sitemap.xml,,0,,,0,
jeffersonvotesfl.gov,FL,5,early_voting|elections|homepage|polling|voter_registration,false,200,h2,0,https://jeffersonvotesfl.gov/robots.txt,text/plain,cloudflare,cf-cache-status;cf-ray,,true,false,1922,10,1,2,false,,0,,amazonbot|applebot-extended|bytespider|ccbot|claudebot|google-extended|gptbot|meta-externalagent,8,,,0,
lafayettevotes.net,FL,5,early_voting|homepage|polling|results|voter_registration,false,200,h2,0,https://lafayettevotes.net/robots.txt,text/plain,cloudflare,cf-apo-via;cf-cache-status;cf-edge-cache;cf-ray,,true,false,119,1,1,1,false,,1,https://lafayettevotes.net/wp-sitemap.xml,,0,,,0,
libertycountyflsoe.gov,FL,5,elections|homepage|polling|results|voter_registration,false,200,h2,0,https://libertycountyflsoe.gov/robots.txt,text/html,cloudflare,cf-apo-via;cf-cache-status;cf-ray,,false,true,0,0,0,0,,,0,,,0,,,0,
unionflvotes.com,FL,5,early_voting|elections|homepage|polling|results,false,200,h2,0,https://unionflvotes.com/robots.txt,text/plain,cloudflare,cf-cache-status;cf-ray,,true,false,1935,10,1,3,false,,0,,amazonbot|applebot-extended|bytespider|ccbot|claudebot|google-extended|gptbot|meta-externalagent,8,,,0,
votebakerfl.gov,FL,4,early_voting|homepage|polling|results,false,200,h2,0,https://votebakerfl.gov/robots.txt,text/plain,cloudflare,cf-cache-status;cf-ray,,true,false,1836,10,0,1,false,,0,,amazonbot|applebot-extended|bytespider|ccbot|claudebot|google-extended|gptbot|meta-externalagent,8,,,0,
votecalhounfl.gov,FL,6,early_voting|elections|homepage|polling|results|voter_registration,false,200,h2,0,https://votecalhounfl.gov/robots.txt,text/plain,cloudflare,cf-apo-via;cf-cache-status;cf-edge-cache;cf-ray,,true,false,118,1,1,1,false,,1,https://votecalhounfl.gov/wp-sitemap.xml,,0,,,0,
votedesotofl.gov,FL,6,early_voting|elections|homepage|polling|results|voter_registration,false,200,h2,0,https://votedesotofl.gov/robots.txt,text/plain,Apache,,,true,false,117,1,1,1,false,,1,https://votedesotofl.gov/wp-sitemap.xml,,0,,,0,
votegadsdenfl.gov,FL,5,early_voting|elections|homepage|polling|results,false,200,h2,0,https://votegadsdenfl.gov/robots.txt,text/plain,cloudflare,cf-cache-status;cf-ray,,true,false,1957,10,1,2,false,,1,https://votegadsdenfl.gov/wp-sitemap.xml,amazonbot|applebot-extended|bytespider|ccbot|claudebot|google-extended|gptbot|meta-externalagent,8,,,0,
voteglades.gov,FL,6,early_voting|elections|homepage|polling|results|voter_registration,false,200,h2,0,https://voteglades.gov/robots.txt,text/plain,cloudflare,cf-cache-status;cf-ray,,true,false,1951,10,1,2,false,,1,https://voteglades.gov/wp-sitemap.xml,amazonbot|applebot-extended|bytespider|ccbot|claudebot|google-extended|gptbot|meta-externalagent,8,,,0,
votegulf.gov,FL,5,early_voting|elections|homepage|polling|results,false,200,h2,0,https://votegulf.gov/robots.txt,text/plain,cloudflare,cf-cache-status;cf-ray,,true,false,1922,10,1,2,false,,0,,amazonbot|applebot-extended|bytespider|ccbot|claudebot|google-extended|gptbot|meta-externalagent,8,,,0,
votejacksonfl.gov,FL,6,early_voting|elections|homepage|polling|results|voter_registration,false,200,h2,0,https://votejacksonfl.gov/robots.txt,text/plain,cloudflare,cf-apo-via;cf-cache-status;cf-edge-cache;cf-ray,,true,false,1954,10,1,2,false,,1,https://votejacksonfl.gov/wp-sitemap.xml,amazonbot|applebot-extended|bytespider|ccbot|claudebot|google-extended|gptbot|meta-externalagent,8,,,0,
voteokeechobee.gov,FL,6,early_voting|elections|homepage|polling|results|voter_registration,false,200,h2,0,https://voteokeechobee.gov/robots.txt,text/plain,Apache,,,true,false,119,1,1,1,false,,1,https://voteokeechobee.gov/wp-sitemap.xml,,0,,,0,
voteorangefl.gov,FL,6,early_voting|elections|homepage|polling|results|voter_registration,false,200,h2,0,https://voteorangefl.gov/robots.txt,text/plain,cloudflare,cf-cache-status;cf-ray,,true,false,68,1,1,1,false,,0,,,0,,,0,
votesantarosa.gov,FL,6,early_voting|elections|homepage|polling|results|voter_registration,false,200,h2,0,https://votesantarosa.gov/robots.txt,text/plain,Apache,,,true,false,118,1,1,1,false,,1,https://votesantarosa.gov/wp-sitemap.xml,,0,,,0,
voteseminole.gov,FL,6,early_voting|elections|homepage|polling|results|voter_registration,false,200,h2,0,https://voteseminole.gov/robots.txt,text/plain,cloudflare,cf-cache-status;cf-ray,,true,false,113,1,1,1,false,,1,https://voteseminole.gov/sitemap2.xml,,0,,,0,
votewalton.gov,FL,5,elections|homepage|polling|results|voter_registration,false,200,h2,0,https://votewalton.gov/robots.txt,text/plain,cloudflare,cf-apo-via;cf-cache-status;cf-edge-cache;cf-ray,,true,false,115,1,1,1,false,,1,https://votewalton.gov/wp-sitemap.xml,,0,,,0,
wakullavotes.gov,FL,4,elections|homepage|polling|results,false,200,h2,0,https://wakullavotes.gov/robots.txt,text/plain,cloudflare,cf-cache-status;cf-edge-cache;cf-ray,,true,false,1953,10,1,2,false,,1,https://wakullavotes.gov/wp-sitemap.xml,amazonbot|applebot-extended|bytespider|ccbot|claudebot|google-extended|gptbot|meta-externalagent,8,,,0,
wcsoe.gov,FL,6,early_voting|elections|homepage|polling|results|voter_registration,false,200,h2,0,https://wcsoe.gov/robots.txt,text/plain,cloudflare,cf-cache-status;cf-edge-cache;cf-ray,,true,false,1946,10,1,2,false,,1,https://wcsoe.gov/wp-sitemap.xml,amazonbot|applebot-extended|bytespider|ccbot|claudebot|google-extended|gptbot|meta-externalagent,8,,,0,
www.bayvotesfl.gov,FL,6,early_voting|elections|homepage|polling|results|voter_registration,false,200,h2,0,https://www.bayvotesfl.gov/robots.txt,text/plain,cloudflare,cf-apo-via;cf-cache-status;cf-ray,,true,false,1922,10,1,2,false,,0,,amazonbot|applebot-extended|bytespider|ccbot|claudebot|google-extended|gptbot|meta-externalagent,8,,,0,
www.colliervotes.gov,FL,5,early_voting|elections|homepage|polling|voter_registration,false,200,h2,0,https://www.colliervotes.gov/robots.txt,text/plain,cloudflare,cf-cache-status;cf-ray,,true,false,816,6,23,0,false,20.0,1,/sitemap.xml,,0,,,0,
www.duvalelections.gov,FL,6,early_voting|elections|homepage|polling|results|voter_registration,false,200,h2,0,https://www.duvalelections.gov/robots.txt,text/plain,cloudflare,cf-cache-status;cf-ray,,true,false,816,6,23,0,false,20.0,1,/sitemap.xml,,0,,,0,
www.flaglerelections.gov,FL,6,early_voting|elections|homepage|polling|results|voter_registration,false,200,h2,0,https://www.flaglerelections.gov/robots.txt,text/plain,,,,true,false,347,1,9,0,false,,1,https://www.flaglerelections.gov/sitemap.xml,,0,,,0,
www.hamiltonvotesfl.gov,FL,6,early_voting|elections|homepage|polling|results|voter_registration,false,200,h2,0,https://www.hamiltonvotesfl.gov/robots.txt,text/plain,cloudflare,cf-cache-status;cf-ray,,true,false,1922,10,1,2,false,,0,,amazonbot|applebot-extended|bytespider|ccbot|claudebot|google-extended|gptbot|meta-externalagent,8,,,0,
www.hendryelections.gov,FL,6,early_voting|elections|homepage|polling|results|voter_registration,false,404,1.1,0,https://www.hendryelections.gov/robots.txt,text/html,,,,false,false,0,0,0,0,,,0,,,0,,,0,
www.hernandovotes.gov,FL,6,early_voting|elections|homepage|polling|results|voter_registration,false,200,h2,0,https://www.hernandovotes.gov/robots.txt,text/plain,cloudflare,cf-cache-status;cf-ray,,true,false,816,6,23,0,false,20.0,1,/sitemap.xml,,0,,,0,
www.lakevotes.gov,FL,5,early_voting|elections|homepage|polling|voter_registration,false,200,h2,0,https://www.lakevotes.gov/robots.txt,text/plain,cloudflare,cf-cache-status;cf-ray,,true,false,816,6,23,0,false,20.0,1,/sitemap.xml,,0,,,0,
www.lee.vote,FL,6,early_voting|elections|homepage|polling|results|voter_registration,false,200,h2,0,https://www.lee.vote/robots.txt,text/plain,cloudflare,cf-cache-status;cf-ray,,true,false,816,6,23,0,false,20.0,1,/sitemap.xml,,0,,,0,
www.leonvotes.gov,FL,6,early_voting|elections|homepage|polling|results|voter_registration,false,200,h2,0,https://www.leonvotes.gov/robots.txt,text/plain,Microsoft-IIS/10.0,,,true,false,741,1,16,0,false,,0,,,0,,,0,
www.martinvotes.gov,FL,5,early_voting|elections|homepage|polling|voter_registration,false,200,h2,0,https://www.martinvotes.gov/robots.txt,text/plain,cloudflare,cf-cache-status;cf-ray,,true,false,120,1,1,1,false,,1,https://www.martinvotes.gov/wp-sitemap.xml,,0,,,0,
www.pascovotes.gov,FL,6,early_voting|elections|homepage|polling|results|voter_registration,false,404,1.1,0,https://www.pascovotes.gov/robots.txt,text/html,cloudflare,cf-cache-status;cf-ray,,false,false,0,0,0,0,,,0,,,0,,,0,
www.polkelections.gov,FL,4,elections|homepage|polling|voter_registration,false,200,h2,0,https://www.polkelections.gov/robots.txt,text/plain,cloudflare,cf-cache-status;cf-ray,,true,false,816,6,23,0,false,20.0,1,/sitemap.xml,,0,,,0,
www.sarasotavotes.gov,FL,6,early_voting|elections|homepage|polling|results|voter_registration,false,200,h2,0,https://www.sarasotavotes.gov/robots.txt,text/plain,cloudflare,cf-cache-status;cf-ray,,true,false,816,6,23,0,false,20.0,1,/sitemap.xml,,0,,,0,
www.soecharlottecountyfl.gov,FL,4,early_voting|elections|homepage|voter_registration,false,200,h2,0,https://www.soecharlottecountyfl.gov/robots.txt,text/plain,cloudflare,cf-cache-status;cf-ray,,true,false,816,6,23,0,false,20.0,1,/sitemap.xml,,0,,,0,
www.stlucievotes.gov,FL,6,early_voting|elections|homepage|polling|results|voter_registration,false,404,1.1,0,https://www.stlucievotes.gov/robots.txt,text/html,cloudflare,cf-cache-status;cf-ray,,false,false,0,0,0,0,,,0,,,0,,,0,
www.suwanneevotes.com,FL,5,early_voting|elections|homepage|polling|results,false,200,h2,0,https://www.suwanneevotes.com/robots.txt,text/plain,cloudflare,cf-cache-status;cf-ray,,true,false,86,1,1,1,false,,0,,,0,,,0,
www.taylorelectionsfl.gov,FL,6,early_voting|elections|homepage|polling|results|voter_registration,false,200,h2,0,https://www.taylorelectionsfl.gov/robots.txt,text/plain,cloudflare,cf-cache-status;cf-ray,,true,false,1922,10,1,2,false,,0,,amazonbot|applebot-extended|bytespider|ccbot|claudebot|google-extended|gptbot|meta-externalagent,8,,,0,
www.volusiaelections.gov,FL,5,early_voting|elections|homepage|results|voter_registration,false,200,h2,0,https://www.volusiaelections.gov/robots.txt,text/plain,AmazonS3,x-amz-cf-id;x-amz-cf-pop;x-cache,,true,false,24,1,1,0,false,,0,,,0,,,0,
www.votealachua.gov,FL,6,early_voting|elections|homepage|polling|results|voter_registration,false,200,h2,0,https://www.votealachua.gov/robots.txt,text/plain,cloudflare,cf-cache-status;cf-ray,,true,false,816,6,23,0,false,20.0,1,/sitemap.xml,,0,,,0,
www.votebradfordfl.gov,FL,5,early_voting|elections|homepage|polling|results,false,200,h2,0,https://www.votebradfordfl.gov/robots.txt,text/plain,cloudflare,cf-cache-status;cf-ray,,true,false,1836,10,0,1,false,,0,,amazonbot|applebot-extended|bytespider|ccbot|claudebot|google-extended|gptbot|meta-externalagent,8,,,0,
www.votebrevard.gov,FL,6,early_voting|elections|homepage|polling|results|voter_registration,false,200,h2,0,https://www.votebrevard.gov/robots.txt,text/plain,cloudflare,cf-cache-status;cf-ray,,true,false,738,1,16,0,false,,1,https://www.votebrevard.gov/Sitemap.aspx,,0,,,0,
www.votecitrus.gov,FL,6,early_voting|elections|homepage|polling|results|voter_registration,false,200,h2,0,https://www.votecitrus.gov/robots.txt,text/plain,cloudflare,cf-cache-status;cf-ray,,true,false,816,6,23,0,false,20.0,1,/sitemap.xml,,0,,,0,
www.votecolumbiafl.gov,FL,6,early_voting|elections|homepage|polling|results|voter_registration,false,200,h2,0,https://www.votecolumbiafl.gov/robots.txt,text/plain,cloudflare,cf-cache-status;cf-ray,,true,false,1836,10,0,1,false,,0,,amazonbot|applebot-extended|bytespider|ccbot|claudebot|google-extended|gptbot|meta-externalagent,8,,,0,
www.votefranklinfl.gov,FL,4,elections|homepage|polling|voter_registration,false,404,1.1,0,https://www.votefranklinfl.gov/robots.txt,text/html,cloudflare,cf-cache-status;cf-ray,,false,false,0,0,0,0,,,0,,,0,,,0,
www.votegilchrist.com,FL,6,early_voting|elections|homepage|polling|results|voter_registration,false,404,1.1,0,https://www.votegilchrist.com/robots.txt,text/html,,,,false,false,0,0,0,0,,,0,,,0,,,0,
www.votehighlands.gov,FL,6,early_voting|elections|homepage|polling|results|voter_registration,false,200,h2,0,https://www.votehighlands.gov/robots.txt,text/plain,nginx,,,true,false,165,1,0,0,false,,1,https://www.votehighlands.gov/sitemap.xml,,0,,,0,
www.votehillsborough.gov,FL,6,early_voting|elections|homepage|polling|results|voter_registration,false,200,h2,0,https://www.votehillsborough.gov/robots.txt,text/plain,cloudflare,cf-cache-status;cf-ray,,true,false,816,6,23,0,false,20.0,1,/sitemap.xml,,0,,,0,
www.voteindianriver.gov,FL,6,early_voting|elections|homepage|polling|results|voter_registration,false,404,1.1,0,https://www.voteindianriver.gov/robots.txt,text/html,cloudflare,cf-cache-status;cf-ray,,false,false,0,0,0,0,,,0,,,0,,,0,
www.votelevy.gov,FL,6,early_voting|elections|homepage|polling|results|voter_registration,false,200,h2,0,https://www.votelevy.gov/robots.txt,text/plain,cloudflare,cf-cache-status;cf-ray,,true,false,1930,10,1,3,false,,0,,amazonbot|applebot-extended|bytespider|ccbot|claudebot|google-extended|gptbot|meta-externalagent,8,,,0,
www.votemadison.com,FL,5,early_voting|elections|homepage|polling|results,false,200,h2,0,https://www.votemadison.com/robots.txt,text/plain,cloudflare,cf-cache-status;cf-ray,,true,false,86,1,1,1,false,,0,,,0,,,0,
www.votemanatee.gov,FL,6,early_voting|elections|homepage|polling|results|voter_registration,false,200,h2,0,https://www.votemanatee.gov/robots.txt,text/plain,nginx,x-amz-cf-id;x-amz-cf-pop;x-cache,,true,false,177,1,1,0,false,,1,https://www.votemanatee.gov/sitemap_index.xml,,0,,,0,
www.votemarion.gov,FL,6,early_voting|elections|homepage|polling|results|voter_registration,false,200,h2,0,https://www.votemarion.gov/robots.txt,text/plain,cloudflare,cf-cache-status;cf-ray,,true,false,816,6,23,0,false,20.0,1,/sitemap.xml,,0,,,0,
www.votemiamidade.gov,FL,6,early_voting|elections|homepage|polling|results|voter_registration,false,404,1.1,0,https://www.votemiamidade.gov/robots.txt,text/html,Microsoft-IIS/10.0,,,false,false,0,0,0,0,,,0,,,0,,,0,
www.votemonroeflkeys.gov,FL,5,early_voting|elections|homepage|polling|voter_registration,false,200,h2,0,https://www.votemonroeflkeys.gov/robots.txt,text/plain,cloudflare,cf-cache-status;cf-ray,,true,false,2577,10,16,1,false,,0,,amazonbot|applebot-extended|bytespider|ccbot|claudebot|google-extended|gptbot|meta-externalagent,8,,,0,
www.votenassaufl.gov,FL,6,early_voting|elections|homepage|polling|results|voter_registration,false,200,h2,0,https://www.votenassaufl.gov/robots.txt,text/plain,cloudflare,cf-cache-status;cf-ray,,true,false,164,1,0,0,false,,1,https://www.votenassaufl.gov/sitemap.xml,,0,,,0,
www.voteokaloosa.gov,FL,6,early_voting|elections|homepage|polling|results|voter_registration,false,200,h2,0,https://www.voteokaloosa.gov/robots.txt,text/plain,cloudflare,cf-cache-status;cf-ray,,true,false,1922,10,1,2,false,,0,,amazonbot|applebot-extended|bytespider|ccbot|claudebot|google-extended|gptbot|meta-externalagent,8,,,0,
www.voteosceola.gov,FL,6,early_voting|elections|homepage|polling|results|voter_registration,false,404,1.1,1,https://www.voteosceola.gov/en-us/robots.txt,text/html,nginx,x-cache,,false,false,0,0,0,0,,,0,,,0,,,0,
www.votepalmbeach.gov,FL,6,early_voting|elections|homepage|polling|results|voter_registration,false,200,h2,0,https://www.votepalmbeach.gov/robots.txt,text/plain,cloudflare,cf-cache-status;cf-ray,,true,false,816,6,23,0,false,20.0,1,/sitemap.xml,,0,,,0,
www.votepinellas.gov,FL,6,early_voting|elections|homepage|polling|results|voter_registration,false,200,h2,0,https://www.votepinellas.gov/robots.txt,text/plain,cloudflare,cf-cache-status;cf-ray,,true,false,816,6,23,0,false,20.0,1,/sitemap.xml,,0,,,0,
www.voteputnamflorida.gov,FL,6,early_voting|elections|homepage|polling|results|voter_registration,false,404,1.1,0,https://www.voteputnamflorida.gov/robots.txt,text/html,cloudflare,cf-cache-status;cf-ray,,false,false,0,0,0,0,,,0,,,0,,,0,
www.votesjc.gov,FL,6,early_voting|elections|homepage|polling|results|voter_registration,false,200,h2,0,https://www.votesjc.gov/robots.txt,text/plain,cloudflare,cf-cache-status;cf-ray,,true,false,159,1,0,0,false,,1,https://www.votesjc.gov/sitemap.xml,,0,,,0,
results.enr.clarityelections.com,FL|TX,16,results,true,404,1.1,0,https://results.enr.clarityelections.com/robots.txt,text/html,CloudFront,x-amz-cf-id;x-amz-cf-pop;x-cache,,false,false,0,0,0,0,,,0,,,0,,,0,
apps.easydoc.jackcounty.org,TX,1,results,true,,,0,https://apps.easydoc.jackcounty.org/robots.txt,,,,ConnectTimeout: timed out,false,false,0,0,0,0,,,0,,,0,,,0,
atascosacounty-my.sharepoint.com,TX,1,early_voting,true,200,h2,0,https://atascosacounty-my.sharepoint.com/robots.txt,,,x-cache,,true,false,28,1,1,0,true,,0,,,0,,,1,https://atascosacounty-my.sharepoint.com/:x:/g/personal/cseiter_co_atascosa_tx_us/IQAVvZJaczEzSpO9nJE5CHxnAaib13gCwpIsvw91kcjYkxQ?rtime=-jVFc87s3kg
burnetcountyelections.com,TX,4,early_voting|elections|polling|results,true,200,h2,0,https://burnetcountyelections.com/robots.txt,text/plain,nginx/1.29.8,,,true,false,183,1,1,0,false,,1,https://burnetcountyelections.com/sitemap_index.xml,,0,,,0,
cameroncountytx.gov,TX,1,results,false,200,h2,1,https://www.cameroncountytx.gov/robots.txt,text/plain,Sucuri/Cloudproxy,x-sucuri-cache;x-sucuri-id,,true,false,337,1,2,0,false,,1,https://www.cameroncountytx.gov/sitemap_index.xml,,0,,,0,
co.atascosa.tx.us,TX,3,elections|homepage|polling,false,200,h2,0,https://co.atascosa.tx.us/robots.txt,text/plain,Apache,,,true,false,118,1,1,1,false,,1,https://co.atascosa.tx.us/wp-sitemap.xml,,0,,,0,
co.maverick.tx.us,TX,2,elections|homepage,false,200,h2,0,https://co.maverick.tx.us/robots.txt,text/plain,,,,true,false,104,1,2,1,false,,1,https://co.maverick.tx.us/sitemap.xml,,0,,,0,
dimmitcounty.org,TX,1,elections,false,404,1.1,1,https://cms9files.revize.com/dimmittx/robots.txt,text/html,,,,false,false,0,0,0,0,,,0,,,0,,,0,
elections.bexar.gov,TX,1,voter_registration,true,200,h2,0,https://elections.bexar.gov/robots.txt,text/plain,Microsoft-IIS/10.0,,,true,false,816,6,23,0,false,20.0,1,/sitemap.xml,,0,,,0,
elections.brazoscountytx.gov,TX,5,early_voting|elections|polling|results|voter_registration,false,200,h2,0,https://elections.brazoscountytx.gov/robots.txt,text/plain,cloudflare,cf-cache-status;cf-ray,,true,false,129,1,1,1,false,,1,https://elections.brazoscountytx.gov/wp-sitemap.xml,,0,,,0,
elections.mctx.org,TX,4,early_voting|elections|results|voter_registration,false,404,1.1,0,https://elections.mctx.org/robots.txt,text/html,Microsoft-IIS/8.5,,,false,false,0,0,0,0,,,0,,,0,,,0,
elections.mywoodcounty.com,TX,4,early_voting|elections|polling|results,false,200,h2,0,https://elections.mywoodcounty.com/robots.txt,text/plain,Apache,,,true,false,127,1,1,1,false,,1,https://elections.mywoodcounty.com/wp-sitemap.xml,,0,,,0,
epcountyvotes.com,TX,3,early_voting|elections|polling,true,200,h2,0,https://epcountyvotes.com/robots.txt,text/plain,,,,false,true,0,0,0,0,,,0,,,0,,,0,
epcountyvotestx.gov,TX,1,voter_registration,true,200,h2,0,https://epcountyvotestx.gov/robots.txt,text/plain,,,,false,true,0,0,0,0,,,0,,,0,,,0,
franklincountytxelections.gov,TX,3,early_voting|elections|polling,true,200,h2,0,https://franklincountytxelections.gov/robots.txt,text/plain,Apache,,,true,false,130,1,1,1,false,,1,https://franklincountytxelections.gov/wp-sitemap.xml,,0,,,0,
galvestonvotes.org,TX,4,early_voting|elections|polling|voter_registration,true,200,h2,0,https://galvestonvotes.org/robots.txt,text/plain,Apache,,,true,false,119,1,1,1,false,,1,https://galvestonvotes.org/wp-sitemap.xml,,0,,,0,
gisit.tarrantcounty.com,TX,1,polling,true,404,1.1,0,https://gisit.tarrantcounty.com/robots.txt,text/html,Microsoft-IIS/10.0,,,false,false,0,0,0,0,,,0,,,0,,,0,
greggcounty.texas.gov,TX,1,homepage,false,200,h2,0,https://greggcounty.texas.gov/robots.txt,text/plain,nginx,,,true,false,24,1,1,0,false,,0,,,0,,,0,
greggcountyvotes.gov,TX,1,voter_registration,true,200,h2,0,https://greggcountyvotes.gov/robots.txt,text/plain,Apache,,,true,false,123,1,1,1,false,,1,https://greggcountyvotes.gov/wp-sitemap.xml,,0,,,0,
grimescountytexas.gov,TX,5,early_voting|elections|homepage|polling|results,false,200,h2,0,https://grimescountytexas.gov/robots.txt,text/plain,,,,true,false,578,7,1,0,true,,1,https://grimescountytexas.gov/sitemap.xml,,0,,,5,http://grimescountytexas.gov/index.asp?SEC={0AAAC5B5-04F7-460F-87D2-8DFEFAE23817}|https://grimescountytexas.gov/|https://grimescountytexas.gov/index.asp?SEC={88DD510B-11EB-4FED-9BB5-C63FCDF0850B}|https://grimescountytexas.gov/index.asp?SEC={C7508369-FC16-4DF1-871C-84EA22D98633}|https://grimescountytexas.gov/index.asp?SEC={E96A035A-47B3-46B5-A872-37962314BD06}
hidalgoelections.maps.arcgis.com,TX,2,early_voting|polling,true,200,h2,0,https://hidalgoelections.maps.arcgis.com/robots.txt,text/plain,ArcGIS Online,x-amz-cf-id;x-amz-cf-pop;x-cache;x-cached,,true,false,61,1,0,0,false,,1,http://static.arcgis.com/sitemap.xml,,0,,,0,
hoodcounty.texas.gov,TX,3,elections|homepage|voter_registration,false,404,1.1,0,https://hoodcounty.texas.gov/robots.txt,text/html,,,,false,false,0,0,0,0,,,0,,,0,,,0,
jeffersoncountytx.gov,TX,1,homepage,false,200,h2,0,https://jeffersoncountytx.gov/robots.txt,text/plain,Microsoft-IIS/10.0,,,true,false,396,1,15,0,false,,1,https://co.jefferson.tx.us/sitemap.xml,,0,,,0,
jimwellscountyelections.gov,TX,1,elections,true,200,h2,0,https://jimwellscountyelections.gov/robots.txt,text/plain,cloudflare,cf-cache-status;cf-ray;x-cache;x-cacheable,,true,false,201,1,1,0,false,,1,https://jimwellscountyelections.gov/sitemap_index.xml,,0,,,0,
kenedycountyelections.com,TX,4,early_voting|polling|results|voter_registration,true,200,h2,0,https://kenedycountyelections.com/robots.txt,text/plain,cloudflare,cf-cache-status;cf-ray,,true,false,24,1,1,0,false,,0,,,0,,,0,
kerrcountytx.gov,TX,4,elections|homepage|polling|voter_registration,false,200,h2,0,https://kerrcountytx.gov/robots.txt,text/plain,nginx,,,true,false,56,2,1,0,false,,0,,gptbot,1,,,0,
lovingcountyanddistrictclerk.com,TX,1,elections,true,200,h2,0,https://lovingcountyanddistrictclerk.com/robots.txt,text/plain,DPS/2.0.0+sha-9ac0622,,,true,false,75,1,0,0,false,,1,https://lovingcountyanddistrictclerk.com/sitemap.xml,,0,,,0,
marioncountytaxoffice.com,TX,3,early_voting|elections|polling,true,403,1.1,0,https://marioncountytaxoffice.com/robots.txt,text/html,nginx,,,false,false,0,0,0,0,,,0,,,0,,,0,
mcmullencounty.org,TX,2,elections|homepage,false,403,1.1,0,https://mcmullencounty.org/robots.txt,text/html,nginx,,,false,false,0,0,0,0,,,0,,,0,,,0,
mctx.org,TX,1,homepage,false,200,h2,0,https://mctx.org/robots.txt,text/plain,cloudflare,cf-cache-status;cf-ray,,true,false,210,6,1,0,true,,0,,,0,,,1,https://mctx.org/
newtools.cira.state.tx.us,TX,3,results,false,404,1.1,0,https://newtools.cira.state.tx.us/robots.txt,text/html,,,,false,false,0,0,0,0,,,0,,,0,,,0,
parmercounty.texas.gov,TX,2,elections|homepage,false,200,h2,0,https://parmercounty.texas.gov/robots.txt,text/plain,cloudflare,cf-cache-status;cf-ray,,true,false,24,1,1,0,false,,0,,,0,,,0,
tax-office.traviscountytx.gov,TX,1,voter_registration,false,200,h2,1,https://tax-office.traviscountytx.gov/404,text/html,cloudflare,cf-cache-status;cf-ray,,false,true,0,0,0,0,,,0,,,0,,,0,
taylorcounty.texas.gov,TX,6,early_voting|elections|homepage|polling|results|voter_registration,false,200,h2,0,https://taylorcounty.texas.gov/robots.txt,text/plain,,,,true,false,816,6,23,0,false,20.0,1,/sitemap.xml,,0,,,0,
valverdecounty.texas.gov,TX,4,early_voting|elections|homepage|polling,false,200,h2,0,https://valverdecounty.texas.gov/robots.txt,text/plain,Microsoft-IIS/10.0,,,true,false,816,6,23,0,false,20.0,1,/sitemap.xml,,0,,,0,
votelubbock.gov,TX,5,early_voting|elections|polling|results|voter_registration,true,200,h2,0,https://votelubbock.gov/robots.txt,text/plain,Apache,,,true,false,118,1,1,1,false,,1,https://votelubbock.gov/wp-sitemap.xml,,0,,,0,
votemidlandtx.gov,TX,5,early_voting|elections|polling|results|voter_registration,true,200,h2,0,https://votemidlandtx.gov/robots.txt,text/plain,Apache,,,true,false,118,1,1,1,false,,1,https://votemidlandtx.gov/wp-sitemap.xml,,0,,,0,
votetravis.gov,TX,2,elections|polling,true,200,h2,0,https://votetravis.gov/robots.txt,text/plain,cloudflare,cf-cache-status;cf-ray,,true,false,115,1,1,1,false,,1,https://votetravis.gov/wp-sitemap.xml,,0,,,0,
wichitacountytx.com,TX,3,elections|homepage|results,false,200,h2,0,https://wichitacountytx.com/robots.txt,text/plain,cloudflare,cf-cache-status;cf-ray,,true,false,106,3,0,0,false,,0,,,0,,,0,
www.andersoncountytx.gov,TX,2,elections|homepage,false,404,1.1,0,https://www.andersoncountytx.gov/robots.txt,text/html,,,,false,false,0,0,0,0,,,0,,,0,,,0,
www.angelinacounty.net,TX,2,elections|homepage,false,200,h2,0,https://www.angelinacounty.net/robots.txt,text/plain,Apache,,,true,false,279,1,2,1,false,,1,https://www.angelinacounty.net/wp-sitemap.xml,,0,,,0,
www.aransascountytx.gov,TX,4,early_voting|elections|polling|results,true,200,h2,0,https://www.aransascountytx.gov/robots.txt,text/plain,Apache,x-cdn;x-iinfo,,true,false,362,6,10,1,true,,0,,amazonbot|bytespider,2,,,0,
www.austincounty.com,TX,2,elections|homepage,false,404,1.1,0,https://www.austincounty.com/robots.txt,text/html,,,,false,false,0,0,0,0,,,0,,,0,,,0,
www.banderacounty.gov,TX,5,early_voting|elections|homepage|polling|results,false,404,1.1,0,https://www.banderacounty.gov/robots.txt,text/html,,,,false,false,0,0,0,0,,,0,,,0,,,0,
www.bastropcounty.gov,TX,1,homepage,false,404,1.1,0,https://www.bastropcounty.gov/robots.txt,text/html,,,,false,false,0,0,0,0,,,0,,,0,,,0,
www.bastropvotes.org,TX,5,early_voting|elections|polling|results|voter_registration,true,200,h2,0,https://www.bastropvotes.org/robots.txt,text/plain,Apache,,,true,false,123,1,1,1,false,,1,https://www.bastropvotes.org/wp-sitemap.xml,,0,,,0,
www.beecounty.gov,TX,3,elections|homepage|voter_registration,false,200,h2,0,https://www.beecounty.gov/robots.txt,text/plain,,,,true,false,816,6,23,0,false,20.0,1,/sitemap.xml,,0,,,0,
www.bellcountytx.com,TX,4,early_voting|elections|homepage|polling,false,200,h2,0,https://www.bellcountytx.com/robots.txt,text/plain,,,,true,false,210,6,1,0,true,,0,,,0,,,4,https://www.bellcountytx.com/|https://www.bellcountytx.com/departments/elections|https://www.bellcountytx.com/departments/elections/early_voting_information.php|https://www.bellcountytx.com/departments/elections/election_day_locations.php
www.bexar.org,TX,4,early_voting|elections|homepage|polling,false,200,h2,0,https://www.bexar.org/robots.txt,text/plain,cloudflare,cf-cache-status;cf-ray,,true,false,816,6,23,0,false,20.0,1,/sitemap.xml,,0,,,0,
www.blancocountytexas.gov,TX,3,elections|homepage|results,false,404,1.1,0,https://www.blancocountytexas.gov/robots.txt,text/html,,,,false,false,0,0,0,0,,,0,,,0,,,0,
www.bosquecounty.gov,TX,2,elections|homepage,false,200,h2,0,https://www.bosquecounty.gov/robots.txt,text/plain,,,,true,false,816,6,23,0,false,20.0,1,/sitemap.xml,,0,,,0,
www.brazoriacountyclerktx.gov,TX,1,voter_registration,true,200,h2,0,https://www.brazoriacountyclerktx.gov/robots.txt,text/plain,,,,true,false,6641,4,176,0,false,,0,,,0,,,0,
www.brazoriacountytx.gov,TX,1,homepage,false,200,h2,0,https://www.brazoriacountytx.gov/robots.txt,text/plain,,,,true,false,6641,4,176,0,false,,0,,,0,,,0,
www.brazoscountytx.gov,TX,1,homepage,false,200,h2,0,https://www.brazoscountytx.gov/robots.txt,text/plain,,,,true,false,816,6,23,0,false,20.0,1,/sitemap.xml,,0,,,0,
www.brewstercounty.gov,TX,3,elections|homepage|voter_registration,false,404,1.1,0,https://www.brewstercounty.gov/robots.txt,text/html,,,,false,false,0,0,0,0,,,0,,,0,,,0,
www.browncountytx.gov,TX,2,elections|homepage,false,404,1.1,0,https://www.browncountytx.gov/robots.txt,text/html,,,,false,false,0,0,0,0,,,0,,,0,,,0,
www.burlesoncountytx.gov,TX,5,early_voting|elections|homepage|polling|results,false,404,1.1,0,https://www.burlesoncountytx.gov/robots.txt,text/html,,,,false,false,0,0,0,0,,,0,,,0,,,0,
www.burnetcountytexas.org,TX,2,homepage|voter_registration,false,200,h2,0,https://www.burnetcountytexas.org/robots.txt,text/plain,cloudflare,cf-cache-status;cf-ray,,true,false,816,6,23,0,false,20.0,1,/sitemap.xml,,0,,,0,
www.calhouncotx.org,TX,4,early_voting|elections|homepage|polling,false,200,h2,0,https://www.calhouncotx.org/robots.txt,text/plain,Microsoft-IIS/10.0,,,true,false,475,1,15,1,false,,2,https://www.calhouncotx.org/sitemap.xml|https://www.calhouncotx.org/sitemap.rss,,0,,,0,
www.callahancounty.org,TX,2,elections|homepage,false,404,1.1,0,https://www.callahancounty.org/robots.txt,text/html,,,,false,false,0,0,0,0,,,0,,,0,,,0,
www.cameroncountytx.gov,TX,5,early_voting|elections|homepage|polling|voter_registration,false,200,h2,0,https://www.cameroncountytx.gov/robots.txt,text/plain,Sucuri/Cloudproxy,x-sucuri-cache;x-sucuri-id,,true,false,337,1,2,0,false,,1,https://www.cameroncountytx.gov/sitemap_index.xml,,0,,,0,
www.chamberscountytx.gov,TX,5,early_voting|elections|homepage|polling|voter_registration,false,200,h2,0,https://www.chamberscountytx.gov/robots.txt,text/plain,,,,true,false,816,6,23,0,false,20.0,1,/sitemap.xml,,0,,,0,
www.childresstx.us,TX,2,elections|homepage,false,200,h2,0,https://www.childresstx.us/robots.txt,text/plain,Apache/2.4.29 (Ubuntu),,,false,true,0,0,0,0,,,0,,,0,,,0,
www.claycountytx.net,TX,2,elections|homepage,false,200,h2,0,https://www.claycountytx.net/robots.txt,text/plain,cloudflare,cf-cache-status;cf-ray;x-cache;x-cache-status;x-served-by,,true,false,494,6,1,1,false,,1,https://www.claycountytx.net/sitemap.xml,petalbot,1,,,0,
www.co.andrews.tx.us,TX,6,early_voting|elections|homepage|polling|results|voter_registration,false,200,h2,0,https://www.co.andrews.tx.us/robots.txt,text/plain,Microsoft-IIS/10.0,,,true,false,816,6,23,0,false,20.0,1,/sitemap.xml,,0,,,0,
www.co.aransas.tx.us,TX,1,homepage,false,404,1.1,0,https://www.co.aransas.tx.us/robots.txt,text/html,,,,false,false,0,0,0,0,,,0,,,0,,,0,
www.co.archer.tx.us,TX,2,elections|homepage,false,404,1.1,0,https://www.co.archer.tx.us/robots.txt,text/html,,,,false,false,0,0,0,0,,,0,,,0,,,0,
www.co.armstrong.tx.us,TX,2,elections|homepage,false,404,1.1,0,https://www.co.armstrong.tx.us/robots.txt,text/html,,,,false,false,0,0,0,0,,,0,,,0,,,0,
www.co.bailey.tx.us,TX,2,elections|homepage,false,404,1.1,0,https://www.co.bailey.tx.us/robots.txt,text/html,,,,false,false,0,0,0,0,,,0,,,0,,,0,
www.co.baylor.tx.us,TX,2,elections|homepage,false,404,1.1,0,https://www.co.baylor.tx.us/robots.txt,text/html,,,,false,false,0,0,0,0,,,0,,,0,,,0,
www.co.borden.tx.us,TX,2,elections|homepage,false,404,1.1,0,https://www.co.borden.tx.us/robots.txt,text/html,,,,false,false,0,0,0,0,,,0,,,0,,,0,
www.co.bowie.tx.us,TX,5,early_voting|elections|homepage|polling|results,false,200,h2,1,https://www.bowiecounty.org/robots.txt,text/plain,cloudflare,cf-cache-status;cf-ray,,true,false,816,6,23,0,false,20.0,1,/sitemap.xml,,0,,,0,
www.co.briscoe.tx.us,TX,2,elections|homepage,false,404,1.1,0,https://www.co.briscoe.tx.us/robots.txt,text/html,,,,false,false,0,0,0,0,,,0,,,0,,,0,
www.co.brooks.tx.us,TX,2,elections|homepage,false,404,1.1,0,https://www.co.brooks.tx.us/robots.txt,text/html,,,,false,false,0,0,0,0,,,0,,,0,,,0,
www.co.caldwell.tx.us,TX,6,early_voting|elections|homepage|polling|results|voter_registration,false,404,1.1,0,https://www.co.caldwell.tx.us/robots.txt,text/html,,,,false,false,0,0,0,0,,,0,,,0,,,0,
www.co.camp.tx.us,TX,2,elections|homepage,false,404,1.1,0,https://www.co.camp.tx.us/robots.txt,text/html,,,,false,false,0,0,0,0,,,0,,,0,,,0,
www.co.carson.tx.us,TX,2,elections|homepage,false,404,1.1,0,https://www.co.carson.tx.us/robots.txt,text/html,,,,false,false,0,0,0,0,,,0,,,0,,,0,
www.co.cass.tx.us,TX,2,elections|homepage,false,404,1.1,0,https://www.co.cass.tx.us/robots.txt,text/html,,,,false,false,0,0,0,0,,,0,,,0,,,0,
www.co.castro.tx.us,TX,2,elections|homepage,false,404,1.1,0,https://www.co.castro.tx.us/robots.txt,text/html,,,,false,false,0,0,0,0,,,0,,,0,,,0,
www.co.cherokee.tx.us,TX,3,elections|homepage|results,false,404,1.1,0,https://www.co.cherokee.tx.us/robots.txt,text/html,nginx,,,false,false,0,0,0,0,,,0,,,0,,,0,
www.co.cochran.tx.us,TX,2,elections|homepage,false,404,1.1,0,https://www.co.cochran.tx.us/robots.txt,text/html,,,,false,false,0,0,0,0,,,0,,,0,,,0,
www.co.coke.tx.us,TX,2,elections|homepage,false,404,1.1,0,https://www.co.coke.tx.us/robots.txt,text/html,,,,false,false,0,0,0,0,,,0,,,0,,,0,
www.co.coleman.tx.us,TX,4,early_voting|elections|homepage|polling,false,200,h2,1,https://www.colemancounty.gov,text/html,,,,false,true,0,0,0,0,,,0,,,0,,,0,
www.co.collingsworth.tx.us,TX,2,elections|homepage,false,404,1.1,0,https://www.co.collingsworth.tx.us/robots.txt,text/html,,,,false,false,0,0,0,0,,,0,,,0,,,0,
www.co.colorado.tx.us,TX,4,early_voting|elections|homepage|voter_registration,false,404,1.1,0,https://www.co.colorado.tx.us/robots.txt,text/html,,,,false,false,0,0,0,0,,,0,,,0,,,0,
www.co.concho.tx.us,TX,3,elections|homepage|polling,false,404,1.1,0,https://www.co.concho.tx.us/robots.txt,text/html,,,,false,false,0,0,0,0,,,0,,,0,,,0,
www.co.cooke.tx.us,TX,2,elections|homepage,false,404,1.1,0,https://www.co.cooke.tx.us/robots.txt,text/html,,,,false,false,0,0,0,0,,,0,,,0,,,0,
www.co.coryell.tx.us,TX,2,elections|homepage,false,404,1.1,0,https://www.co.coryell.tx.us/robots.txt,text/html,,,,false,false,0,0,0,0,,,0,,,0,,,0,
www.co.cottle.tx.us,TX,2,elections|homepage,false,404,1.1,0,https://www.co.cottle.tx.us/robots.txt,text/html,,,,false,false,0,0,0,0,,,0,,,0,,,0,
www.co.crane.tx.us,TX,3,elections|homepage|results,false,404,1.1,0,https://www.co.crane.tx.us/robots.txt,text/html,,,,false,false,0,0,0,0,,,0,,,0,,,0,
www.co.crockett.tx.us,TX,2,elections|homepage,false,404,1.1,0,https://www.co.crockett.tx.us/robots.txt,text/html,,,,false,false,0,0,0,0,,,0,,,0,,,0,
www.co.crosby.tx.us,TX,2,elections|homepage,false,404,1.1,0,https://www.co.crosby.tx.us/robots.txt,text/html,,,,false,false,0,0,0,0,,,0,,,0,,,0,
www.co.culberson.tx.us,TX,4,early_voting|elections|homepage|polling,false,404,1.1,0,https://www.co.culberson.tx.us/robots.txt,text/html,,,,false,false,0,0,0,0,,,0,,,0,,,0,
www.co.dallam.tx.us,TX,2,elections|homepage,false,404,1.1,0,https://www.co.dallam.tx.us/robots.txt,text/html,LiteSpeed,,,false,false,0,0,0,0,,,0,,,0,,,0,
www.co.dawson.tx.us,TX,4,early_voting|elections|homepage|polling,false,404,1.1,0,https://www.co.dawson.tx.us/robots.txt,text/html,,,,false,false,0,0,0,0,,,0,,,0,,,0,
www.co.deaf-smith.tx.us,TX,2,elections|homepage,false,404,1.1,0,https://www.co.deaf-smith.tx.us/robots.txt,text/html,,,,false,false,0,0,0,0,,,0,,,0,,,0,
www.co.dewitt.tx.us,TX,3,elections|homepage|results,false,404,1.1,0,https://www.co.dewitt.tx.us/robots.txt,text/html,,,,false,false,0,0,0,0,,,0,,,0,,,0,
www.co.dickens.tx.us,TX,2,elections|homepage,false,404,1.1,0,https://www.co.dickens.tx.us/robots.txt,text/html,,,,false,false,0,0,0,0,,,0,,,0,,,0,
www.co.donley.tx.us,TX,2,elections|homepage,false,404,1.1,0,https://www.co.donley.tx.us/robots.txt,text/html,,,,false,false,0,0,0,0,,,0,,,0,,,0,
www.co.duval.tx.us,TX,2,elections|homepage,false,404,1.1,0,https://www.co.duval.tx.us/robots.txt,text/html,,,,false,false,0,0,0,0,,,0,,,0,,,0,
www.co.edwards.tx.us,TX,4,early_voting|elections|homepage|polling,false,404,1.1,0,https://www.co.edwards.tx.us/robots.txt,text/html,,,,false,false,0,0,0,0,,,0,,,0,,,0,
www.co.erath.tx.us,TX,5,early_voting|elections|homepage|polling|voter_registration,false,200,h2,0,https://www.co.erath.tx.us/robots.txt,text/plain,cloudflare,cf-cache-status;cf-ray,,true,false,816,6,23,0,false,20.0,1,/sitemap.xml,,0,,,0,
www.co.falls.tx.us,TX,2,elections|homepage,false,404,1.1,0,https://www.co.falls.tx.us/robots.txt,text/html,,,,false,false,0,0,0,0,,,0,,,0,,,0,
www.co.fannin.tx.us,TX,2,elections|homepage,false,404,1.1,0,https://www.co.fannin.tx.us/robots.txt,text/html,,,,false,false,0,0,0,0,,,0,,,0,,,0,
www.co.fayette.tx.us,TX,2,elections|homepage,false,404,1.1,0,https://www.co.fayette.tx.us/robots.txt,text/html,,,,false,false,0,0,0,0,,,0,,,0,,,0,
www.co.floyd.tx.us,TX,2,elections|homepage,false,404,1.1,0,https://www.co.floyd.tx.us/robots.txt,text/html,,,,false,false,0,0,0,0,,,0,,,0,,,0,
www.co.franklin.tx.us,TX,2,homepage|voter_registration,false,404,1.1,0,https://www.co.franklin.tx.us/robots.txt,text/html,,,,false,false,0,0,0,0,,,0,,,0,,,0,
www.co.freestone.tx.us,TX,2,elections|homepage,false,404,1.1,0,https://www.co.freestone.tx.us/robots.txt,text/html,,,,false,false,0,0,0,0,,,0,,,0,,,0,
www.co.frio.tx.us,TX,3,elections|homepage|results,false,404,1.1,0,https://www.co.frio.tx.us/robots.txt,text/html,,,,false,false,0,0,0,0,,,0,,,0,,,0,
www.co.gaines.tx.us,TX,2,elections|homepage,false,404,1.1,0,https://www.co.gaines.tx.us/robots.txt,text/html,,,,false,false,0,0,0,0,,,0,,,0,,,0,
www.co.glasscock.tx.us,TX,3,elections|homepage|voter_registration,false,404,1.1,0,https://www.co.glasscock.tx.us/robots.txt,text/html,,,,false,false,0,0,0,0,,,0,,,0,,,0,
www.co.goliad.tx.us,TX,2,elections|homepage,false,404,1.1,0,https://www.co.goliad.tx.us/robots.txt,text/html,,,,false,false,0,0,0,0,,,0,,,0,,,0,
www.co.gonzales.tx.us,TX,2,elections|homepage,false,404,1.1,0,https://www.co.gonzales.tx.us/robots.txt,text/html,,,,false,false,0,0,0,0,,,0,,,0,,,0,
www.co.gray.tx.us,TX,4,early_voting|elections|homepage|polling,false,404,1.1,0,https://www.co.gray.tx.us/robots.txt,text/html,,,,false,false,0,0,0,0,,,0,,,0,,,0,
www.co.grayson.tx.us,TX,6,early_voting|elections|homepage|polling|results|voter_registration,false,404,1.1,0,https://www.co.grayson.tx.us/robots.txt,text/html,,,,false,false,0,0,0,0,,,0,,,0,,,0,
www.co.guadalupe.tx.us,TX,1,homepage,false,404,1.1,0,https://www.co.guadalupe.tx.us/robots.txt,text/html,Microsoft-IIS/10.0,,,false,false,0,0,0,0,,,0,,,0,,,0,
www.co.hall.tx.us,TX,2,elections|homepage,false,404,1.1,0,https://www.co.hall.tx.us/robots.txt,text/html,,,,false,false,0,0,0,0,,,0,,,0,,,0,
www.co.hansford.tx.us,TX,2,elections|homepage,false,404,1.1,0,https://www.co.hansford.tx.us/robots.txt,text/html,,,,false,false,0,0,0,0,,,0,,,0,,,0,
www.co.hardeman.tx.us,TX,2,elections|homepage,false,404,1.1,0,https://www.co.hardeman.tx.us/robots.txt,text/html,,,,false,false,0,0,0,0,,,0,,,0,,,0,
www.co.hartley.tx.us,TX,2,elections|homepage,false,404,1.1,0,https://www.co.hartley.tx.us/robots.txt,text/html,,,,false,false,0,0,0,0,,,0,,,0,,,0,
www.co.hemphill.tx.us,TX,4,early_voting|elections|homepage|polling,false,404,1.1,0,https://www.co.hemphill.tx.us/robots.txt,text/html,,,,false,false,0,0,0,0,,,0,,,0,,,0,
www.co.hill.tx.us,TX,2,elections|homepage,false,404,1.1,0,https://www.co.hill.tx.us/robots.txt,text/html,,,,false,false,0,0,0,0,,,0,,,0,,,0,
www.co.hockley.tx.us,TX,2,elections|homepage,false,404,1.1,0,https://www.co.hockley.tx.us/robots.txt,text/html,,,,false,false,0,0,0,0,,,0,,,0,,,0,
www.co.houston.tx.us,TX,2,elections|homepage,false,404,1.1,0,https://www.co.houston.tx.us/robots.txt,text/html,,,,false,false,0,0,0,0,,,0,,,0,,,0,
www.co.howard.tx.us,TX,5,early_voting|elections|homepage|polling|voter_registration,false,200,h2,0,https://www.co.howard.tx.us/robots.txt,text/plain,cloudflare,cf-cache-status;cf-ray,,true,false,816,6,23,0,false,20.0,1,/sitemap.xml,,0,,,0,
www.co.hudspeth.tx.us,TX,3,elections|homepage|results,false,404,1.1,0,https://www.co.hudspeth.tx.us/robots.txt,text/html,,,,false,false,0,0,0,0,,,0,,,0,,,0,
www.co.hutchinson.tx.us,TX,2,elections|homepage,false,404,1.1,0,https://www.co.hutchinson.tx.us/robots.txt,text/html,,,,false,false,0,0,0,0,,,0,,,0,,,0,
www.co.irion.tx.us,TX,2,elections|homepage,false,200,h2,0,https://www.co.irion.tx.us/robots.txt,text/plain,cloudflare,cf-cache-status;cf-ray,,true,false,816,6,23,0,false,20.0,1,/sitemap.xml,,0,,,0,
www.co.jackson.tx.us,TX,3,elections|homepage|results,false,404,1.1,0,https://www.co.jackson.tx.us/robots.txt,text/html,,,,false,false,0,0,0,0,,,0,,,0,,,0,
www.co.jasper.tx.us,TX,2,elections|homepage,false,404,1.1,0,https://www.co.jasper.tx.us/robots.txt,text/html,,,,false,false,0,0,0,0,,,0,,,0,,,0,
www.co.jim-hogg.tx.us,TX,2,elections|homepage,false,404,1.1,0,https://www.co.jim-hogg.tx.us/robots.txt,text/html,,,,false,false,0,0,0,0,,,0,,,0,,,0,
www.co.jim-wells.tx.us,TX,1,homepage,false,404,1.1,0,https://www.co.jim-wells.tx.us/robots.txt,text/html,Microsoft-IIS/10.0,,,false,false,0,0,0,0,,,0,,,0,,,0,
www.co.jones.tx.us,TX,2,elections|homepage,false,404,1.1,0,https://www.co.jones.tx.us/robots.txt,text/html,,,,false,false,0,0,0,0,,,0,,,0,,,0,
www.co.karnes.tx.us,TX,2,elections|homepage,false,404,1.1,0,https://www.co.karnes.tx.us/robots.txt,text/html,,,,false,false,0,0,0,0,,,0,,,0,,,0,
www.co.kent.tx.us,TX,2,elections|homepage,false,404,1.1,0,https://www.co.kent.tx.us/robots.txt,text/html,,,,false,false,0,0,0,0,,,0,,,0,,,0,
www.co.kimble.tx.us,TX,2,elections|homepage,false,404,1.1,0,https://www.co.kimble.tx.us/robots.txt,text/html,,,,false,false,0,0,0,0,,,0,,,0,,,0,
www.co.king.tx.us,TX,1,homepage,false,404,1.1,0,https://www.co.king.tx.us/robots.txt,text/html,,,,false,false,0,0,0,0,,,0,,,0,,,0,
www.co.kinney.tx.us,TX,3,elections|homepage|results,false,404,1.1,0,https://www.co.kinney.tx.us/robots.txt,text/html,,,,false,false,0,0,0,0,,,0,,,0,,,0,
www.co.kleberg.tx.us,TX,2,elections|homepage,false,404,1.1,0,https://www.co.kleberg.tx.us/robots.txt,text/html,,,,false,false,0,0,0,0,,,0,,,0,,,0,
www.co.la-salle.tx.us,TX,5,early_voting|elections|homepage|polling|results,false,200,h2,0,https://www.co.la-salle.tx.us/robots.txt,text/plain,Apache,,,true,false,865,1,15,0,false,,0,,,0,,,0,
www.co.lamb.tx.us,TX,3,elections|homepage|voter_registration,false,404,1.1,0,https://www.co.lamb.tx.us/robots.txt,text/html,,,,false,false,0,0,0,0,,,0,,,0,,,0,
www.co.lampasas.tx.us,TX,3,elections|homepage|voter_registration,false,404,1.1,0,https://www.co.lampasas.tx.us/robots.txt,text/html,,,,false,false,0,0,0,0,,,0,,,0,,,0,
www.co.lavaca.tx.us,TX,3,elections|homepage|polling,false,404,1.1,0,https://www.co.lavaca.tx.us/robots.txt,text/html,,,,false,false,0,0,0,0,,,0,,,0,,,0,
www.co.lee.tx.us,TX,4,early_voting|elections|homepage|polling,false,404,1.1,0,https://www.co.lee.tx.us/robots.txt,text/html,,,,false,false,0,0,0,0,,,0,,,0,,,0,
www.co.leon.tx.us,TX,2,elections|homepage,false,404,1.1,0,https://www.co.leon.tx.us/robots.txt,text/html,,,,false,false,0,0,0,0,,,0,,,0,,,0,
www.co.liberty.tx.us,TX,6,early_voting|elections|homepage|polling|results|voter_registration,false,404,1.1,0,https://www.co.liberty.tx.us/robots.txt,text/html,,,,false,false,0,0,0,0,,,0,,,0,,,0,
www.co.limestone.tx.us,TX,2,elections|homepage,false,404,1.1,0,https://www.co.limestone.tx.us/robots.txt,text/html,,,,false,false,0,0,0,0,,,0,,,0,,,0,
www.co.lipscomb.tx.us,TX,2,elections|homepage,false,404,1.1,0,https://www.co.lipscomb.tx.us/robots.txt,text/html,,,,false,false,0,0,0,0,,,0,,,0,,,0,
www.co.live-oak.tx.us,TX,3,homepage|results|voter_registration,false,404,1.1,0,https://www.co.live-oak.tx.us/robots.txt,text/html,,,,false,false,0,0,0,0,,,0,,,0,,,0,
www.co.llano.tx.us,TX,1,homepage,false,200,h2,1,https://www.llanocounty.gov,text/html,,,,false,true,0,0,0,0,,,0,,,0,,,0,
www.co.loving.tx.us,TX,1,homepage,false,404,1.1,0,https://www.co.loving.tx.us/robots.txt,text/html,,,,false,false,0,0,0,0,,,0,,,0,,,0,
www.co.lynn.tx.us,TX,2,elections|homepage,false,404,1.1,0,https://www.co.lynn.tx.us/robots.txt,text/html,,,,false,false,0,0,0,0,,,0,,,0,,,0,
www.co.madison.tx.us,TX,2,elections|homepage,false,404,1.1,0,https://www.co.madison.tx.us/robots.txt,text/html,,,,false,false,0,0,0,0,,,0,,,0,,,0,
www.co.marion.tx.us,TX,1,homepage,false,404,1.1,0,https://www.co.marion.tx.us/robots.txt,text/html,,,,false,false,0,0,0,0,,,0,,,0,,,0,
www.co.mason.tx.us,TX,2,elections|homepage,false,404,1.1,0,https://www.co.mason.tx.us/robots.txt,text/html,,,,false,false,0,0,0,0,,,0,,,0,,,0,
www.co.mcculloch.tx.us,TX,4,early_voting|elections|homepage|polling,false,404,1.1,0,https://www.co.mcculloch.tx.us/robots.txt,text/html,,,,false,false,0,0,0,0,,,0,,,0,,,0,
www.co.menard.tx.us,TX,2,elections|homepage,false,404,1.1,0,https://www.co.menard.tx.us/robots.txt,text/html,,,,false,false,0,0,0,0,,,0,,,0,,,0,
www.co.midland.tx.us,TX,1,homepage,false,200,h2,0,https://www.co.midland.tx.us/robots.txt,text/plain,,,,true,false,844,6,23,0,false,20.0,1,https://www.co.midland.tx.us/sitemap.xml,,0,,,0,
www.co.mitchell.tx.us,TX,2,elections|homepage,false,404,1.1,0,https://www.co.mitchell.tx.us/robots.txt,text/html,,,,false,false,0,0,0,0,,,0,,,0,,,0,
www.co.montague.tx.us,TX,6,early_voting|elections|homepage|polling|results|voter_registration,false,404,1.1,0,https://www.co.montague.tx.us/robots.txt,text/html,,,,false,false,0,0,0,0,,,0,,,0,,,0,
www.co.moore.tx.us,TX,2,elections|homepage,false,404,1.1,0,https://www.co.moore.tx.us/robots.txt,text/html,,,,false,false,0,0,0,0,,,0,,,0,,,0,
www.co.morris.tx.us,TX,2,elections|homepage,false,404,1.1,0,https://www.co.morris.tx.us/robots.txt,text/html,,,,false,false,0,0,0,0,,,0,,,0,,,0,
www.co.motley.tx.us,TX,2,elections|homepage,false,404,1.1,0,https://www.co.motley.tx.us/robots.txt,text/html,,,,false,false,0,0,0,0,,,0,,,0,,,0,
www.co.navarro.tx.us,TX,2,elections|homepage,false,404,1.1,0,https://www.co.navarro.tx.us/robots.txt,text/html,,,,false,false,0,0,0,0,,,0,,,0,,,0,
www.co.newton.tx.us,TX,2,elections|homepage,false,404,1.1,0,https://www.co.newton.tx.us/robots.txt,text/html,,,,false,false,0,0,0,0,,,0,,,0,,,0,
www.co.nolan.tx.us,TX,2,elections|homepage,false,404,1.1,0,https://www.co.nolan.tx.us/robots.txt,text/html,,,,false,false,0,0,0,0,,,0,,,0,,,0,
www.co.ochiltree.tx.us,TX,2,elections|homepage,false,404,1.1,0,https://www.co.ochiltree.tx.us/robots.txt,text/html,,,,false,false,0,0,0,0,,,0,,,0,,,0,
www.co.oldham.tx.us,TX,2,elections|homepage,false,404,1.1,0,https://www.co.oldham.tx.us/robots.txt,text/html,,,,false,false,0,0,0,0,,,0,,,0,,,0,
www.co.orange.tx.us,TX,4,early_voting|elections|homepage|results,false,200,h2,0,https://www.co.orange.tx.us/robots.txt,text/plain,nginx,x-amz-cf-id;x-amz-cf-pop;x-cache,,true,false,156,1,2,1,false,,0,,,0,,,0,
www.co.palo-pinto.tx.us,TX,3,elections|homepage|results,false,404,1.1,0,https://www.co.palo-pinto.tx.us/robots.txt,text/html,,,,false,false,0,0,0,0,,,0,,,0,,,0,
www.co.panola.tx.us,TX,2,elections|homepage,false,200,h2,0,https://www.co.panola.tx.us/robots.txt,text/plain,cloudflare,cf-cache-status;cf-ray,,true,false,816,6,23,0,false,20.0,1,/sitemap.xml,,0,,,0,
www.co.pecos.tx.us,TX,4,early_voting|elections|homepage|polling,false,200,h2,0,https://www.co.pecos.tx.us/robots.txt,text/plain,Apache/2.4.58 (Ubuntu),,,true,false,119,1,1,1,false,,1,https://www.co.pecos.tx.us/wp-sitemap.xml,,0,,,0,
www.co.potter.tx.us,TX,1,homepage,false,404,1.1,0,https://www.co.potter.tx.us/robots.txt,text/html,,,,false,false,0,0,0,0,,,0,,,0,,,0,
www.co.presidio.tx.us,TX,2,elections|homepage,false,404,1.1,0,https://www.co.presidio.tx.us/robots.txt,text/html,,,,false,false,0,0,0,0,,,0,,,0,,,0,
www.co.rains.tx.us,TX,2,elections|homepage,false,404,1.1,0,https://www.co.rains.tx.us/robots.txt,text/html,,,,false,false,0,0,0,0,,,0,,,0,,,0,
www.co.reagan.tx.us,TX,2,elections|homepage,false,404,1.1,0,https://www.co.reagan.tx.us/robots.txt,text/html,,,,false,false,0,0,0,0,,,0,,,0,,,0,
www.co.real.tx.us,TX,2,elections|homepage,false,404,1.1,0,https://www.co.real.tx.us/robots.txt,text/html,,,,false,false,0,0,0,0,,,0,,,0,,,0,
www.co.red-river.tx.us,TX,2,elections|homepage,false,404,1.1,0,https://www.co.red-river.tx.us/robots.txt,text/html,,,,false,false,0,0,0,0,,,0,,,0,,,0,
www.co.refugio.tx.us,TX,6,early_voting|elections|homepage|polling|results|voter_registration,false,404,1.1,0,https://www.co.refugio.tx.us/robots.txt,text/html,,,,false,false,0,0,0,0,,,0,,,0,,,0,
www.co.roberts.tx.us,TX,2,elections|homepage,false,404,1.1,0,https://www.co.roberts.tx.us/robots.txt,text/html,,,,false,false,0,0,0,0,,,0,,,0,,,0,
www.co.robertson.tx.us,TX,2,elections|homepage,false,404,1.1,0,https://www.co.robertson.tx.us/robots.txt,text/html,,,,false,false,0,0,0,0,,,0,,,0,,,0,
www.co.sabine.tx.us,TX,6,early_voting|elections|homepage|polling|results|voter_registration,false,404,1.1,0,https://www.co.sabine.tx.us/robots.txt,text/html,,,,false,false,0,0,0,0,,,0,,,0,,,0,
www.co.san-augustine.tx.us,TX,2,elections|homepage,false,404,1.1,0,https://www.co.san-augustine.tx.us/robots.txt,text/html,,,,false,false,0,0,0,0,,,0,,,0,,,0,
www.co.san-jacinto.tx.us,TX,2,elections|homepage,false,404,1.1,0,https://www.co.san-jacinto.tx.us/robots.txt,text/html,,,,false,false,0,0,0,0,,,0,,,0,,,0,
www.co.san-saba.tx.us,TX,2,elections|homepage,false,404,1.1,0,https://www.co.san-saba.tx.us/robots.txt,text/html,,,,false,false,0,0,0,0,,,0,,,0,,,0,
www.co.scurry.tx.us,TX,5,early_voting|elections|homepage|polling|voter_registration,false,404,1.1,0,https://www.co.scurry.tx.us/robots.txt,text/html,,,,false,false,0,0,0,0,,,0,,,0,,,0,
www.co.shelby.tx.us,TX,2,elections|homepage,false,404,1.1,0,https://www.co.shelby.tx.us/robots.txt,text/html,,,,false,false,0,0,0,0,,,0,,,0,,,0,
www.co.starr.tx.us,TX,1,homepage,false,404,1.1,0,https://www.co.starr.tx.us/robots.txt,text/html,,,,false,false,0,0,0,0,,,0,,,0,,,0,
www.co.stephens.tx.us,TX,2,elections|homepage,false,404,1.1,0,https://www.co.stephens.tx.us/robots.txt,text/html,,,,false,false,0,0,0,0,,,0,,,0,,,0,
www.co.sutton.tx.us,TX,2,elections|homepage,false,404,1.1,0,https://www.co.sutton.tx.us/robots.txt,text/html,,,,false,false,0,0,0,0,,,0,,,0,,,0,
www.co.swisher.tx.us,TX,2,elections|homepage,false,404,1.1,0,https://www.co.swisher.tx.us/robots.txt,text/html,,,,false,false,0,0,0,0,,,0,,,0,,,0,
www.co.terrell.tx.us,TX,2,elections|homepage,false,404,1.1,0,https://www.co.terrell.tx.us/robots.txt,text/html,,,,false,false,0,0,0,0,,,0,,,0,,,0,
www.co.terry.tx.us,TX,2,elections|homepage,false,404,1.1,0,https://www.co.terry.tx.us/robots.txt,text/html,,,,false,false,0,0,0,0,,,0,,,0,,,0,
www.co.titus.tx.us,TX,3,elections|homepage|voter_registration,false,404,1.1,0,https://www.co.titus.tx.us/robots.txt,text/html,,,,false,false,0,0,0,0,,,0,,,0,,,0,
www.co.trinity.tx.us,TX,3,elections|homepage|results,false,404,1.1,0,https://www.co.trinity.tx.us/robots.txt,text/html,,,,false,false,0,0,0,0,,,0,,,0,,,0,
www.co.tyler.tx.us,TX,4,early_voting|elections|homepage|polling,false,404,1.1,0,https://www.co.tyler.tx.us/robots.txt,text/html,,,,false,false,0,0,0,0,,,0,,,0,,,0,
www.co.upton.tx.us,TX,2,elections|homepage,false,404,1.1,0,https://www.co.upton.tx.us/robots.txt,text/html,,,,false,false,0,0,0,0,,,0,,,0,,,0,
www.co.walker.tx.us,TX,3,elections|homepage|voter_registration,false,200,h2,0,https://www.co.walker.tx.us/robots.txt,text/plain,nginx,,,true,false,1750,27,5,0,false,300.0,0,,,0,,httrack,0,
www.co.waller.tx.us,TX,4,elections|homepage|results|voter_registration,false,404,1.1,0,https://www.co.waller.tx.us/robots.txt,text/html,,,,false,false,0,0,0,0,,,0,,,0,,,0,
www.co.ward.tx.us,TX,2,elections|homepage,false,404,1.1,0,https://www.co.ward.tx.us/robots.txt,text/html,,,,false,false,0,0,0,0,,,0,,,0,,,0,
www.co.washington.tx.us,TX,4,early_voting|elections|homepage|polling,false,404,1.1,0,https://www.co.washington.tx.us/robots.txt,text/html,,,,false,false,0,0,0,0,,,0,,,0,,,0,
www.co.wharton.tx.us,TX,4,elections|homepage|polling|results,false,404,1.1,0,https://www.co.wharton.tx.us/robots.txt,text/html,,,,false,false,0,0,0,0,,,0,,,0,,,0,
www.co.wilbarger.tx.us,TX,2,elections|homepage,false,404,1.1,0,https://www.co.wilbarger.tx.us/robots.txt,text/html,,,,false,false,0,0,0,0,,,0,,,0,,,0,
www.co.willacy.tx.us,TX,2,elections|homepage,false,404,1.1,1,https://www.willacy.gov/robots.txt,text/html,,,,false,false,0,0,0,0,,,0,,,0,,,0,
www.co.wilson.tx.us,TX,3,elections|homepage|voter_registration,false,404,1.1,0,https://www.co.wilson.tx.us/robots.txt,text/html,,,,false,false,0,0,0,0,,,0,,,0,,,0,
www.co.winkler.tx.us,TX,2,elections|homepage,false,200,h2,0,https://www.co.winkler.tx.us/robots.txt,text/plain,cloudflare,cf-cache-status;cf-ray,,true,false,816,6,23,0,false,20.0,1,/sitemap.xml,,0,,,0,
www.co.wise.tx.us,TX,3,elections|homepage|results,false,200,h2,0,https://www.co.wise.tx.us/robots.txt,text/plain,Microsoft-IIS/10.0,,,true,false,816,6,23,0,false,20.0,1,/sitemap.xml,,0,,,0,
www.co.young.tx.us,TX,2,elections|homepage,false,404,1.1,0,https://www.co.young.tx.us/robots.txt,text/html,,,,false,false,0,0,0,0,,,0,,,0,,,0,
www.co.zapata.tx.us,TX,3,elections|homepage|polling,false,404,1.1,0,https://www.co.zapata.tx.us/robots.txt,text/html,,,,false,false,0,0,0,0,,,0,,,0,,,0,
www.co.zavala.tx.us,TX,3,elections|homepage|results,false,200,h2,1,https://www.co.zavala.tx.us/error/servererror404.htm,text/html,Microsoft-IIS/10.0,,,false,true,0,0,0,0,,,0,,,0,,,0,
www.colemancounty.gov,TX,1,voter_registration,true,404,1.1,0,https://www.colemancounty.gov/robots.txt,text/html,,,,false,false,0,0,0,0,,,0,,,0,,,0,
www.collincountytx.gov,TX,5,elections|homepage|polling|results|voter_registration,false,404,1.1,0,https://www.collincountytx.gov/robots.txt,text/html,cloudflare,cf-cache-status;cf-ray;x-cdn;x-iinfo,,false,false,0,0,0,0,,,0,,,0,,,0,
www.comalcounty.gov,TX,2,elections|homepage,false,200,h2,0,https://www.comalcounty.gov/robots.txt,text/plain,cloudflare,cf-cache-status;cf-ray,,true,false,816,6,23,0,false,20.0,1,/sitemap.xml,,0,,,0,
www.comanchecountytx.gov,TX,4,early_voting|elections|homepage|polling,false,200,h2,0,https://www.comanchecountytx.gov/robots.txt,text/plain,cloudflare,cf-cache-status;cf-ray,,true,false,816,6,23,0,false,20.0,1,/sitemap.xml,,0,,,0,
www.countyofupshur.com,TX,4,elections|homepage|polling|voter_registration,false,200,h2,1,https://www.countyofupshur.com/error/servererror404.htm,text/html,Microsoft-IIS/10.0,,,false,true,0,0,0,0,,,0,,,0,,,0,
www.dallascounty.org,TX,1,homepage,false,200,h2,0,https://www.dallascounty.org/robots.txt,text/plain,Apache,,,true,false,58,1,0,1,false,,0,,,0,,,0,
www.dallascountyvotes.org,TX,5,early_voting|elections|polling|results|voter_registration,true,200,h2,0,https://www.dallascountyvotes.org/robots.txt,text/plain,Apache,,,true,false,126,1,1,1,false,,1,https://www.dallascountyvotes.org/wp-sitemap.xml,,0,,,0,
www.deltacountytx.com,TX,5,elections|homepage|polling|results|voter_registration,false,200,h2,0,https://www.deltacountytx.com/robots.txt,text/plain,cloudflare,cf-cache-status;cf-ray;x-cache;x-cache-hits,,true,false,2005,1,33,18,false,,0,,,0,,,0,
www.dentoncounty.gov,TX,1,homepage,false,200,h2,0,https://www.dentoncounty.gov/robots.txt,text/plain,cloudflare,cf-cache-status;cf-ray,,true,false,816,6,23,0,false,20.0,1,/sitemap.xml,,0,,,0,
www.dimmitcounty.org,TX,1,homepage,false,404,1.1,1,https://cms9files.revize.com/dimmittx/robots.txt,text/html,,,,false,false,0,0,0,0,,,0,,,0,,,0,
www.eastlandcounty.gov,TX,2,elections|homepage,false,200,h2,0,https://www.eastlandcounty.gov/robots.txt,text/plain,cloudflare,cf-cache-status;cf-ray,,true,false,816,6,23,0,false,20.0,1,/sitemap.xml,,0,,,0,
www.ectorcountytx.gov,TX,2,elections|homepage,false,200,h2,0,https://www.ectorcountytx.gov/robots.txt,text/plain,cloudflare,cf-cache-status;cf-ray,,true,false,816,6,23,0,false,20.0,1,/sitemap.xml,,0,,,0,
www.elliscountytx.gov,TX,6,early_voting|elections|homepage|polling|results|voter_registration,false,200,h2,0,https://www.elliscountytx.gov/robots.txt,text/plain,,,,true,false,816,6,23,0,false,20.0,1,/sitemap.xml,,0,,,0,
www.epcounty.com,TX,1,homepage,false,200,h2,0,https://www.epcounty.com/robots.txt,text/plain,,,,true,false,816,6,23,0,false,20.0,1,/sitemap.xml,,0,,,0,
www.fishercounty.org,TX,2,elections|homepage,false,404,1.1,0,https://www.fishercounty.org/robots.txt,text/html,,,,false,false,0,0,0,0,,,0,,,0,,,0,
www.foardcounty.texas.gov,TX,2,elections|homepage,false,404,1.1,0,https://www.foardcounty.texas.gov/robots.txt,text/html,,,,false,false,0,0,0,0,,,0,,,0,,,0,
www.fortbendcountytx.gov,TX,6,early_voting|elections|homepage|polling|results|voter_registration,false,200,h2,0,https://www.fortbendcountytx.gov/robots.txt,text/plain,cloudflare,cf-cache-status;cf-ray;x-cache,,true,false,2089,1,32,18,false,,0,,,0,,,0,
www.galvestoncountytx.gov,TX,1,homepage,false,200,h2,0,https://www.galvestoncountytx.gov/robots.txt,text/plain,,,,true,false,6641,4,176,0,false,,0,,,0,,,0,
www.garzacounty.gov,TX,5,early_voting|elections|homepage|polling|results,false,404,1.1,0,https://www.garzacounty.gov/robots.txt,text/html,Microsoft-IIS/10.0,,,false,false,0,0,0,0,,,0,,,0,,,0,
www.gillespiecounty.gov,TX,4,elections|homepage|results|voter_registration,false,200,h2,0,https://www.gillespiecounty.gov/robots.txt,text/plain,cloudflare,cf-cache-status;cf-ray,,true,false,816,6,23,0,false,20.0,1,/sitemap.xml,,0,,,0,
www.greggcountyvotes.com,TX,4,early_voting|elections|polling|results,true,200,h2,1,https://greggcountyvotes.gov/robots.txt,text/plain,Apache,,,true,false,123,1,1,1,false,,1,https://greggcountyvotes.gov/wp-sitemap.xml,,0,,,0,
www.guadalupetx.gov,TX,5,early_voting|elections|polling|results|voter_registration,true,404,1.1,0,https://www.guadalupetx.gov/robots.txt,text/html,,,,false,false,0,0,0,0,,,0,,,0,,,0,
www.halecounty.org,TX,2,elections|homepage,false,200,h2,1,https://cms2.revize.com/revize/halecountynew/robots.txt,text/plain,cloudflare,cf-cache-status;cf-ray,,true,false,210,6,1,0,true,,0,,,0,,,2,https://www.halecounty.org/|https://www.halecounty.org/county_offices/county_clerk.php
www.hamiltoncountytx.gov,TX,2,elections|homepage,false,404,1.1,0,https://www.hamiltoncountytx.gov/robots.txt,text/html,,,,false,false,0,0,0,0,,,0,,,0,,,0,
www.hardincountytx.gov,TX,2,elections|homepage,false,404,1.1,0,https://www.hardincountytx.gov/robots.txt,text/html,,,,false,false,0,0,0,0,,,0,,,0,,,0,
www.harriscountytx.gov,TX,1,homepage,false,200,h2,0,https://www.harriscountytx.gov/robots.txt,text/plain,cloudflare,cf-cache-status;cf-ray,,true,false,4556,5,29,0,false,,0,,,0,,,0,
www.harrisoncountytexas.gov,TX,2,elections|homepage,false,404,1.1,0,https://www.harrisoncountytexas.gov/robots.txt,text/html,,,,false,false,0,0,0,0,,,0,,,0,,,0,
www.harrisvotes.com,TX,7,early_voting|elections|polling|results,true,200,h2,0,https://www.harrisvotes.com/robots.txt,text/plain,cloudflare,cf-cache-status;cf-ray,,true,false,4556,5,29,0,false,,0,,,0,,,0,
www.haskellcountytx.gov,TX,2,elections|homepage,false,404,1.1,0,https://www.haskellcountytx.gov/robots.txt,text/html,,,,false,false,0,0,0,0,,,0,,,0,,,0,
www.hayscountytx.gov,TX,6,early_voting|elections|homepage|polling|results|voter_registration,false,200,h2,0,https://www.hayscountytx.gov/robots.txt,text/plain,cloudflare,cf-cache-status;cf-ray,,true,false,816,6,23,0,false,20.0,1,/sitemap.xml,,0,,,0,
www.hctax.net,TX,1,voter_registration,true,200,h2,0,https://www.hctax.net/robots.txt,text/plain,,,,true,false,401,1,17,0,false,,0,,,0,,,0,
www.henderson-county.com,TX,2,homepage|voter_registration,false,200,h2,0,https://www.henderson-county.com/robots.txt,text/plain,cloudflare,cf-cache-status;cf-ray,,true,false,816,6,23,0,false,20.0,1,/sitemap.xml,,0,,,0,
www.hidalgocounty.us,TX,3,elections|homepage|voter_registration,false,200,h2,0,https://www.hidalgocounty.us/robots.txt,text/plain,cloudflare,cf-cache-status;cf-ray,,true,false,816,6,23,0,false,20.0,1,/sitemap.xml,,0,,,0,
www.hopkinscountytx.org,TX,4,early_voting|elections|homepage|polling,false,404,1.1,0,https://www.hopkinscountytx.org/robots.txt,text/html,,,,false,false,0,0,0,0,,,0,,,0,,,0,
www.huntcounty.net,TX,4,elections|homepage|results|voter_registration,false,404,1.1,0,https://www.huntcounty.net/robots.txt,text/html,,,,false,false,0,0,0,0,,,0,,,0,,,0,
www.jackcounty.texas.gov,TX,3,early_voting|elections|homepage,false,200,h2,0,https://www.jackcounty.texas.gov/robots.txt,text/plain,cloudflare,cf-cache-status;cf-ray;x-cache;x-cache-hits,,true,false,2005,1,33,18,false,,0,,,0,,,0,
www.jeffcotxvotes.gov,TX,5,early_voting|elections|polling|results|voter_registration,true,200,h2,0,https://www.jeffcotxvotes.gov/robots.txt,text/plain,Apache,,,true,false,122,1,1,1,false,,1,https://www.jeffcotxvotes.gov/wp-sitemap.xml,,0,,,0,
www.jeffdaviscounty.texas.gov,TX,2,elections|homepage,false,404,1.1,0,https://www.jeffdaviscounty.texas.gov/robots.txt,text/html,,,,false,false,0,0,0,0,,,0,,,0,,,0,
www.johnsoncountytx.org,TX,6,early_voting|elections|homepage|polling|results|voter_registration,false,200,h2,0,https://www.johnsoncountytx.org/robots.txt,text/plain,,,,true,false,6566,2,176,0,false,,0,,,0,,,0,
www.kaufmancounty.net,TX,6,early_voting|elections|homepage|polling|results|voter_registration,false,200,h2,0,https://www.kaufmancounty.net/robots.txt,text/plain,,,,true,false,816,6,23,0,false,20.0,1,/sitemap.xml,,0,,,0,
www.kendallcountytx.gov,TX,6,early_voting|elections|homepage|polling|results|voter_registration,false,200,h2,0,https://www.kendallcountytx.gov/robots.txt,text/plain,,,,true,false,816,6,23,0,false,20.0,1,/sitemap.xml,,0,,,0,
www.kenedycountytx.gov,TX,2,elections|homepage,false,404,1.1,0,https://www.kenedycountytx.gov/robots.txt,text/html,,,,false,false,0,0,0,0,,,0,,,0,,,0,
www.knoxcountytexas.org,TX,2,elections|homepage,false,200,h2,0,https://www.knoxcountytexas.org/robots.txt,text/plain,cloudflare,cf-cache-status;cf-ray,,true,false,1836,10,0,1,false,,0,,amazonbot|applebot-extended|bytespider|ccbot|claudebot|google-extended|gptbot|meta-externalagent,8,,,0,
www.lamarcountytx.gov,TX,2,elections|homepage,false,200,h2,0,https://www.lamarcountytx.gov/robots.txt,text/plain,cloudflare,cf-cache-status;cf-ray,,true,false,816,6,23,0,false,20.0,1,/sitemap.xml,,0,,,0,
www.llanocounty.gov,TX,2,elections|results,false,404,1.1,0,https://www.llanocounty.gov/robots.txt,text/html,,,,false,false,0,0,0,0,,,0,,,0,,,0,
www.lubbockcounty.gov,TX,1,homepage,false,200,h2,0,https://www.lubbockcounty.gov/robots.txt,text/plain,nginx,,,true,false,1750,27,5,0,false,300.0,0,,,0,,httrack,0,
www.martincountytx.com,TX,2,elections|homepage,false,200,h2,0,https://www.martincountytx.com/robots.txt,text/plain,,,,true,false,816,6,23,0,false,20.0,1,/sitemap.xml,,0,,,0,
www.matagordatx.gov,TX,2,elections|homepage,false,404,1.1,0,https://www.matagordatx.gov/robots.txt,text/html,,,,false,false,0,0,0,0,,,0,,,0,,,0,
www.mclennan.gov,TX,6,early_voting|elections|homepage|polling|results|voter_registration,false,200,h2,0,https://www.mclennan.gov/robots.txt,text/plain,cloudflare,cf-cache-status;cf-ray,,true,false,816,6,23,0,false,20.0,1,/sitemap.xml,,0,,,0,
www.medinatx.gov,TX,2,elections|homepage,false,404,1.1,0,https://www.medinatx.gov/robots.txt,text/html,,,,false,false,0,0,0,0,,,0,,,0,,,0,
www.milamcounty.net,TX,5,elections|homepage|polling|results|voter_registration,false,404,1.1,1,https://cms2.revize.com/revize/milamcountytx/robots.txt,,cloudflare,cf-cache-status;cf-ray,,false,false,0,0,0,0,,,0,,,0,,,0,
www.millscountytx.gov,TX,2,elections|homepage,false,404,1.1,0,https://www.millscountytx.gov/robots.txt,text/html,,,,false,false,0,0,0,0,,,0,,,0,,,0,
www.mywoodcounty.com,TX,1,homepage,false,404,1.1,0,https://www.mywoodcounty.com/robots.txt,text/html,,,,false,false,0,0,0,0,,,0,,,0,,,0,
www.nacogdochesco.gov,TX,2,elections|homepage,false,200,h2,0,https://www.nacogdochesco.gov/robots.txt,text/plain,cloudflare,cf-cache-status;cf-ray,,true,false,816,6,23,0,false,20.0,1,/sitemap.xml,,0,,,0,
www.nuecesco.com,TX,4,elections|homepage|results|voter_registration,false,200,h2,0,https://www.nuecesco.com/robots.txt,text/plain,,,,true,false,6641,4,176,0,false,,0,,,0,,,0,
www.parkercountytx.gov,TX,2,elections|homepage,false,200,h2,0,https://www.parkercountytx.gov/robots.txt,text/plain,,,,true,false,816,6,23,0,false,20.0,1,/sitemap.xml,,0,,,0,
www.polktx.gov,TX,4,elections|homepage|results|voter_registration,false,200,h2,0,https://www.polktx.gov/robots.txt,text/plain,cloudflare,cf-cache-status;cf-ray,,true,false,816,6,23,0,false,20.0,1,/sitemap.xml,,0,,,0,
www.pottercountytexasvotes.gov,TX,5,early_voting|elections|polling|results|voter_registration,true,200,h2,0,https://www.pottercountytexasvotes.gov/robots.txt,text/plain,cloudflare,cf-cache-status;cf-ray;x-cache;x-cache-status;x-served-by,,true,false,504,6,1,1,false,,1,https://www.pottercountytexasvotes.gov/sitemap.xml,petalbot,1,,,0,
www.randallcounty.gov,TX,3,elections|homepage|voter_registration,false,200,h2,0,https://www.randallcounty.gov/robots.txt,text/plain,Microsoft-IIS/10.0,,,true,false,816,6,23,0,false,20.0,1,/sitemap.xml,,0,,,0,
www.reevescounty.org,TX,5,elections|homepage|polling|results|voter_registration,false,200,h2,0,https://www.reevescounty.org/robots.txt,text/plain,,,,true,false,6641,4,176,0,false,,0,,,0,,,0,
www.rockwallcountytexas.com,TX,1,homepage,false,200,h2,0,https://www.rockwallcountytexas.com/robots.txt,text/plain,,,,true,false,816,6,23,0,false,20.0,1,/sitemap.xml,,0,,,0,
www.rockwallvotes.com,TX,4,early_voting|elections|polling|voter_registration,true,200,h2,0,https://www.rockwallvotes.com/robots.txt,text/plain,Apache,,,true,false,124,1,1,1,false,,1,https://www.rockwallvotes.com/wp-sitemap.xml,,0,,,0,
www.runnelscounty.org,TX,2,elections|homepage,false,404,1.1,0,https://www.runnelscounty.org/robots.txt,text/html,,,,false,false,0,0,0,0,,,0,,,0,,,0,
www.ruskcountytx.gov,TX,3,elections|homepage|voter_registration,false,404,1.1,0,https://www.ruskcountytx.gov/robots.txt,text/html,,,,false,false,0,0,0,0,,,0,,,0,,,0,
www.sanpatriciocountytx.gov,TX,3,elections|homepage|results,false,404,1.1,0,https://www.sanpatriciocountytx.gov/robots.txt,text/html,,,,false,false,0,0,0,0,,,0,,,0,,,0,
www.schleichercounty.gov,TX,2,elections|homepage,false,404,1.1,0,https://www.schleichercounty.gov/robots.txt,text/html,,,,false,false,0,0,0,0,,,0,,,0,,,0,
www.shackelfordcounty.org,TX,3,elections|homepage|voter_registration,false,404,1.1,0,https://www.shackelfordcounty.org/robots.txt,text/html,,,,false,false,0,0,0,0,,,0,,,0,,,0,
www.shermancountytx.gov,TX,3,elections|homepage|results,false,404,1.1,0,https://www.shermancountytx.gov/robots.txt,text/html,,,,false,false,0,0,0,0,,,0,,,0,,,0,
www.smith-county.com,TX,5,early_voting|elections|homepage|polling|results,false,200,h2,0,https://www.smith-county.com/robots.txt,text/plain,cloudflare,cf-cache-status;cf-ray,,true,false,816,6,23,0,false,20.0,1,/sitemap.xml,,0,,,0,
www.somervell.co,TX,3,elections|homepage|results,false,200,h2,0,https://www.somervell.co/robots.txt,text/plain,cloudflare,cf-cache-status;cf-ray,,true,false,816,6,23,0,false,20.0,1,/sitemap.xml,,0,,,0,
www.sterlingcotx.gov,TX,2,elections|homepage,false,404,1.1,0,https://www.sterlingcotx.gov/robots.txt,text/html,,,,false,false,0,0,0,0,,,0,,,0,,,0,
www.stonewallcounty.org,TX,2,elections|homepage,false,404,1.1,0,https://www.stonewallcounty.org/robots.txt,text/html,,,,false,false,0,0,0,0,,,0,,,0,,,0,
www.tarrantcountytx.gov,TX,4,early_voting|elections|homepage|voter_registration,false,200,h2,0,https://www.tarrantcountytx.gov/robots.txt,text/plain,Apache,,,true,false,57,1,1,0,false,30.0,0,,,0,,,0,
www.throckmortoncounty.org,TX,3,elections|homepage|results,false,404,1.1,0,https://www.throckmortoncounty.org/robots.txt,text/html,,,,false,false,0,0,0,0,,,0,,,0,,,0,
www.tomgreencountytx.gov,TX,6,early_voting|elections|homepage|polling|results|voter_registration,false,404,1.1,0,https://www.tomgreencountytx.gov/robots.txt,text/html,Microsoft-IIS/10.0,,,false,false,0,0,0,0,,,0,,,0,,,0,
www.traviscountytx.gov,TX,1,homepage,false,200,h2,0,https://www.traviscountytx.gov/robots.txt,text/plain,cloudflare,cf-cache-status;cf-ray,,true,false,1237,1,18,11,false,,1,https://www.traviscountytx.gov/sitemap.xml,,0,,,0,
www.uvaldecounty.gov,TX,1,homepage,false,200,h2,0,https://www.uvaldecounty.gov/robots.txt,text/plain,cloudflare,cf-cache-status;cf-ray;x-cache;x-cache-status;x-served-by,,true,false,494,6,1,1,false,,1,https://www.uvaldecounty.gov/sitemap.xml,petalbot,1,,,0,
www.uvaldecountyelections.com,TX,4,early_voting|elections|polling|results,true,200,h2,0,https://www.uvaldecountyelections.com/robots.txt,text/plain,cloudflare,cf-cache-status;cf-ray;x-cache;x-cache-status;x-served-by,,true,false,568,6,1,1,false,,2,https://www.uvaldecountyelections.com/sitemap.xml|https://www.uvaldecountyelections.com/es_es-sitemap.xml,petalbot,1,,,0,
www.vanzandtcounty.org,TX,2,elections|homepage,false,404,1.1,0,https://www.vanzandtcounty.org/robots.txt,text/html,,,,false,false,0,0,0,0,,,0,,,0,,,0,
www.vctx.org,TX,6,early_voting|elections|homepage|polling|results|voter_registration,false,403,1.1,0,https://www.vctx.org/robots.txt,text/html,Microsoft-IIS/10.0,,,false,false,0,0,0,0,,,0,,,0,,,0,
www.votedenton.gov,TX,4,early_voting|elections|polling|voter_registration,true,200,h2,0,https://www.votedenton.gov/robots.txt,text/plain,Apache,,,true,false,121,1,1,1,false,,1,https://www.votedenton.gov/wp-sitemap.xml,,0,,,0,
www.webbcountytx.gov,TX,6,early_voting|elections|homepage|polling|results|voter_registration,false,200,h2,0,https://www.webbcountytx.gov/robots.txt,text/plain,cloudflare,cf-cache-status;cf-ray,,true,false,816,6,23,0,false,20.0,1,/sitemap.xml,,0,,,0,
www.wheelercounty.texas.gov,TX,2,elections|homepage,false,404,1.1,0,https://www.wheelercounty.texas.gov/robots.txt,text/html,,,,false,false,0,0,0,0,,,0,,,0,,,0,
www.wilcotx.gov,TX,5,elections|homepage|polling|results|voter_registration,false,200,h2,0,https://www.wilcotx.gov/robots.txt,text/plain,cloudflare,cf-cache-status;cf-ray,,true,false,676,3,23,0,false,,1,/sitemap.xml,,0,,,0,
www.yoakumcounty.gov,TX,2,elections|homepage,false,404,1.1,0,https://www.yoakumcounty.gov/robots.txt,text/html,,,,false,false,0,0,0,0,,,0,,,0,,,0,
