state,county,homepage,kind,owner,link_text,url
TX,anderson,https://www.andersoncountytx.gov,privacy,county,SMS Privacy & Terms,https://www.andersoncountytx.gov/upload/page/0054/docs/SMSPrivacyPolicy.pdf
TX,anderson,https://www.andersoncountytx.gov,accessibility,county,Web Accessibility,https://www.andersoncountytx.gov/page/web-accessibility
TX,andrews,https://www.co.andrews.tx.us/,accessibility,county,Accessibility,https://www.co.andrews.tx.us/accessibility
TX,andrews,https://www.co.andrews.tx.us/,copyright,county,Copyright Notices,https://www.co.andrews.tx.us/copyright
TX,angelina,https://www.angelinacounty.net/,records,county,Submit an Open Records Request,https://www.angelinacounty.net/orrhome
TX,angelina,https://www.angelinacounty.net/,records,county,Submit an Open Records Request,https://www.angelinacounty.net/orrhome/
TX,armstrong,https://www.co.armstrong.tx.us/,records,county,Public Information Request,https://www.co.armstrong.tx.us/page/armstrong.PublicInformationRequest
TX,atascosa,https://co.atascosa.tx.us/,privacy,county,Privacy Policy,https://co.atascosa.tx.us/privacy-policy
TX,atascosa,https://co.atascosa.tx.us/,terms,county,Terms of Use/Disclaimer,https://co.atascosa.tx.us/tou
TX,atascosa,https://co.atascosa.tx.us/,accessibility,county,Accessibility Statement,https://co.atascosa.tx.us/accessibility
TX,austin,https://www.austincounty.com/,records,county,TX Public Information Act,https://www.austincounty.com/upload/page/0043/docs/TEXAS PUBLIC INFORMATION ACT REQUES1 (2).pdf
TX,bailey,https://www.co.bailey.tx.us/,accessibility,county,Accessibility,https://www.co.bailey.tx.us/page/bailey.Accessibility
TX,bandera,https://www.banderacounty.gov/,accessibility,county,Web Accessibility,https://www.banderacounty.gov/page/web-accessibility
TX,bastrop,https://www.bastropcounty.gov/,records,county,Public Information Requests,https://www.bastropcounty.gov/page/co.public_information
TX,bastrop,https://www.bastropcounty.gov/,accessibility,county,Web Accessibility,https://www.bastropcounty.gov/page/web-accessibility
TX,bee,https://www.beecounty.gov/,accessibility,county,Accessibility,https://www.beecounty.gov/site/accessibility
TX,bee,https://www.beecounty.gov/,copyright,county,Copyright Notices,https://www.beecounty.gov/copyright
TX,bee,https://www.beecounty.gov/,privacy,county,Privacy Policy,https://www.beecounty.gov/site/privacy
TX,bell,https://www.bellcountytx.com/,disclaimer,county,Disclaimer,https://www.bellcountytx.com/disclaimer/index.php
TX,bexar,https://www.bexar.org/,accessibility,county,Accessibility Information,https://www.bexar.org/3859/Accessibility-RANDOM
TX,bexar,https://www.bexar.org/,records,county,Open Records Requests,https://www.bexar.org/3500/Public-Records-RANDOM
TX,bexar,https://www.bexar.org/,records,county,open records request portal,https://www.bexar.org/openrecords
TX,bexar,https://www.bexar.org/,accessibility,county,Accessibility,https://www.bexar.org/accessibility
TX,bexar,https://www.bexar.org/,records,county,Open Records Request,https://www.bexar.org/3500
TX,bexar,https://www.bexar.org/,privacy,county,Privacy Policy,https://www.bexar.org/411/Privacy-Policy
TX,blanco,https://www.blancocountytexas.gov,records,county,Public Information Request,https://www.blancocountytexas.gov/page/publicinformationrequest
TX,blanco,https://www.blancocountytexas.gov,accessibility,county,Web Accessibility,https://www.blancocountytexas.gov/page/web-accessibility
TX,borden,https://www.co.borden.tx.us/,disclaimer,county,Disclaimer,https://www.co.borden.tx.us/page/web-disclaimer
TX,borden,https://www.co.borden.tx.us/,accessibility,county,Web Accessibility,https://www.co.borden.tx.us/page/web-accessibility
TX,bosque,https://www.bosquecounty.gov/,accessibility,county,Accessibility,https://www.bosquecounty.gov/site/accessibility
TX,bosque,https://www.bosquecounty.gov/,copyright,county,Copyright Notices,https://www.bosquecounty.gov/copyright
TX,bosque,https://www.bosquecounty.gov/,privacy,county,Privacy Policy,https://www.bosquecounty.gov/site/privacy
TX,bowie,https://www.bowiecounty.org,accessibility,county,Accessibility,https://www.bowiecounty.org/site/accessibility
TX,bowie,https://www.bowiecounty.org,copyright,county,Copyright Notices,https://www.bowiecounty.org/site/copyright
TX,bowie,https://www.bowiecounty.org,privacy,county,Privacy Policy,https://www.bowiecounty.org/site/privacy
TX,brazoria,https://www.brazoriacountytx.gov/,privacy,county,Privacy Policy,https://www.brazoriacountytx.gov/about-us/privacy-policy
TX,brazoria,https://www.brazoriacountytx.gov/,terms,county,Terms of Service,https://www.brazoriacountytx.gov/about-us/terms-of-service
TX,brazoria,https://www.brazoriacountytx.gov/,records,county,Public Information Request,https://www.brazoriacountytx.gov/departments/constables-office/public-information-request
TX,brazoria,https://www.brazoriacountytx.gov/,records,county,Public Information Request,https://www.brazoriacountytx.gov/departments/district-attorney/public-information-request
TX,brazoria,https://www.brazoriacountytx.gov/,records,county,Public Information Request,https://www.brazoriacountytx.gov/departments/fire-marshal/public-information-request
TX,brazoria,https://www.brazoriacountytx.gov/,records,county,Public Information Requests,https://www.brazoriacountytx.gov/departments/sheriff-s-office/public-information-requests-2098
TX,brazoria,https://www.brazoriacountytx.gov/,records,county,Public Information Requests,https://www.brazoriacountytx.gov/departments/tax-office/public-information-requests
TX,brazoria,https://www.brazoriacountytx.gov/,records,county,Public Information Request,https://www.brazoriacountytx.gov/departments/treasurer-s-office/public-information-request
TX,brazoria,https://www.brazoriacountytx.gov/,records,county,Public Information Request,https://www.brazoriacountytx.gov/how-do-i/obtain/public-information-request
TX,brazoria,https://www.brazoriacountytx.gov/,disclaimer,county,Legal Notices,https://www.brazoriacountytx.gov/departments/legal-notices
TX,brazos,https://www.brazoscountytx.gov/,records,county,Open Records Requests,https://www.brazoscountytx.gov/237/Public-Records
TX,brazos,https://www.brazoscountytx.gov/,accessibility,county,Accessibility,https://www.brazoscountytx.gov/accessibility
TX,brazos,https://www.brazoscountytx.gov/,copyright,county,Copyright Notices,https://www.brazoscountytx.gov/copyright
TX,brazos,https://www.brazoscountytx.gov/,privacy,county,Privacy Policy,http://brazoscountytx.gov/394/Privacy-Policy
TX,brewster,https://www.brewstercounty.gov/,records,county,Public Information Request,https://www.brewstercounty.gov/page/public.information
TX,brewster,https://www.brewstercounty.gov/,accessibility,county,Web Accessibility,https://www.brewstercounty.gov/page/web-accessibility
TX,brown,https://www.browncountytx.gov/,accessibility,county,Accessibility,https://www.browncountytx.gov/page/brown.Accessibility
TX,burleson,https://www.burlesoncountytx.gov,records,county,Make an Open Records Request,https://www.burlesoncountytx.gov/upload/shared/Public Information Request Form.pdf
TX,burleson,https://www.burlesoncountytx.gov,records,county,Public Information Request Form.pdf,https://www.burlesoncountytx.gov/page/open/1942/0/Public%20Information%20Request%20Form.pdf
TX,burleson,https://www.burlesoncountytx.gov,accessibility,county,Web Accessability,https://www.burlesoncountytx.gov/page/web-accessibility
TX,burnet,https://www.burnetcountytexas.org/,records,county,Public Information Request,https://www.burnetcountytexas.org/1375/Public-RANDOM-Request
TX,burnet,https://www.burnetcountytexas.org/,accessibility,county,Accessibility,https://www.burnetcountytexas.org/site/accessibility
TX,burnet,https://www.burnetcountytexas.org/,copyright,county,Copyright Notices,https://www.burnetcountytexas.org/site/copyright
TX,burnet,https://www.burnetcountytexas.org/,privacy,county,Privacy Policy,https://www.burnetcountytexas.org/site/privacy
TX,caldwell,https://www.co.caldwell.tx.us/,records,county,Public Information Request,https://www.co.caldwell.tx.us/page/Public.Information.Request
TX,caldwell,https://www.co.caldwell.tx.us/,accessibility,county,Web Accessibility,https://www.co.caldwell.tx.us/page/web-accessibility
TX,calhoun,https://www.calhouncotx.org/,privacy,county,Privacy Policy,https://www.calhouncotx.org/privacy-policy-2/
TX,cameron,https://www.cameroncountytx.gov/,records,other-host,Public Information Request,https://cameroncountytx.nextrequest.com/
TX,cameron,https://www.cameroncountytx.gov/,accessibility,county,Web Accessibility,https://www.cameroncountytx.gov/web-accessibility/
TX,camp,https://www.co.camp.tx.us/,accessibility,county,Accessibility,https://www.co.camp.tx.us/page/camp.Accessibility
TX,castro,https://www.co.castro.tx.us/,accessibility,county,Accessibility,https://www.co.castro.tx.us/page/castro.Accessibility
TX,chambers,https://www.chamberscountytx.gov/,accessibility,county,Accessibility,https://www.chamberscountytx.gov/accessibility
TX,chambers,https://www.chamberscountytx.gov/,copyright,county,Copyright Notices,https://www.chamberscountytx.gov/copyright
TX,chambers,https://www.chamberscountytx.gov/,privacy,county,Privacy Policy,https://www.chamberscountytx.gov/privacy
TX,clay,https://www.claycountytx.net/,disclaimer,county,LEGAL NOTICE,https://www.claycountytx.net/legal-notice
TX,clay,https://www.claycountytx.net/,records,county,Open Records Requests,https://www.claycountytx.net/_files/ugd/0fab6b_a4a59f0d087d4223b711e9c9bbb1b81c.pdf
TX,cochran,https://www.co.cochran.tx.us/,records,county,Open Records Request Form,https://www.co.cochran.tx.us/upload/page/1477/Open Records Requests ltr_website.pdf
TX,coleman,https://www.colemancounty.gov,records,county,Public Information Request Form,https://www.colemancounty.gov/upload/page/0054/docs/Public-RANDOM-Request-Form-10-01-19.pdf
TX,coleman,https://www.colemancounty.gov,accessibility,county,Web Accessibility,https://www.colemancounty.gov/page/web-accessibility
TX,coleman,https://www.colemancounty.gov,disclaimer,county,Disclaimer,https://www.colemancounty.gov/page/web-disclaimer
TX,collin,https://www.collincountytx.gov/,records,county,Open Records,https://www.collincountytx.gov/Public-RANDOM/open-records-requests
TX,collin,https://www.collincountytx.gov/,privacy,county,Privacy & Accessibility,https://www.collincountytx.gov/privacy
TX,colorado,https://www.co.colorado.tx.us/,accessibility,county,Accessibility Comments/Requests,https://www.co.colorado.tx.us/page/Colorado.Elections_Accessibility Comments Requests
TX,colorado,https://www.co.colorado.tx.us/,records,county,Texas Public Information Act,https://www.co.colorado.tx.us/page/colorado.PublicInformationRequest
TX,colorado,https://www.co.colorado.tx.us/,accessibility,county,Accessibility,https://www.co.colorado.tx.us/upload/template/0246/Web Accessibility Procedures_11-12-24.pdf
TX,comal,https://www.comalcounty.gov,accessibility,county,Accessibility,https://www.comalcounty.gov/site/accessibility
TX,comal,https://www.comalcounty.gov,copyright,county,Copyright Notices,https://www.comalcounty.gov/copyright
TX,comal,https://www.comalcounty.gov,privacy,county,Privacy Policy,https://www.comalcounty.gov/site/privacy
TX,comanche,https://www.comanchecountytx.gov/,accessibility,county,Accessibility,https://www.comanchecountytx.gov/site/accessibility
TX,comanche,https://www.comanchecountytx.gov/,copyright,county,Copyright Notices,https://www.comanchecountytx.gov/copyright
TX,concho,https://www.co.concho.tx.us/,records,county,Public Information Requests,https://www.co.concho.tx.us/page/concho.PublicInformationRequests
TX,concho,https://www.co.concho.tx.us/,accessibility,county,Accessibility,https://www.co.concho.tx.us/page/concho.Accessibility
TX,cooke,https://www.co.cooke.tx.us/,records,county,Open Records,https://www.co.cooke.tx.us/page/cooke.OpenRecords
TX,cooke,https://www.co.cooke.tx.us/,accessibility,county,Accessibility,https://www.co.cooke.tx.us/page/cooke.Accessibility
TX,cottle,https://www.cottlecountytx.gov,disclaimer,county,Disclaimer,https://www.cottlecountytx.gov/page/web-disclaimer
TX,cottle,https://www.cottlecountytx.gov,accessibility,county,Web Accessibility,https://www.cottlecountytx.gov/page/web-accessibility
TX,crane,https://www.co.crane.tx.us/,records,county,Public Information Request,https://www.co.crane.tx.us/upload/page/0594/docs/Pub%20Info/Public%20Information%20Requests.docx
TX,crockett,https://www.co.crockett.tx.us/,accessibility,county,Accessibility,https://www.co.crockett.tx.us/page/crockett.Accessibility
TX,culberson,https://www.co.culberson.tx.us/,accessibility,county,Web Accessibility,https://www.co.culberson.tx.us/page/web-accessibility
TX,dallas,https://www.dallascounty.org/,privacy,county,Chief Privacy Officer,https://www.dallascounty.org/departments/cpo/
TX,dallas,https://www.dallascounty.org/,disclaimer,county,Legal Notices,https://www.dallascounty.org/government/county-clerk/administration/official-and-legal-notices.php
TX,dallas,https://www.dallascounty.org/,privacy,county,Privacy Policy,https://www.dallascounty.org/about-us/privacy-policy/
TX,dawson,https://www.co.dawson.tx.us/,records,county,Open Records Act/Texas Public Information Act,https://www.co.dawson.tx.us/upload/page/1570/docs/Open_records_act.pdf
TX,deaf_smith,https://www.co.deaf-smith.tx.us/,accessibility,county,Accessibility,https://www.co.deaf-smith.tx.us/page/deafsmith.Accessibility
TX,delta,https://www.deltacountytx.com/,records,county,Open Records Requests,https://www.deltacountytx.com/sheriffs-office/page/open-records-requests
TX,delta,https://www.deltacountytx.com/,records,county,Public Information Act Requests,https://www.deltacountytx.com/home-page/page/public-information-act-requests
TX,denton,https://www.dentoncounty.gov,records,other-host,Documents Under the Public Information Act,https://www.texasattorneygeneral.gov/open-government/office-attorney-general-and-public-information-act
TX,denton,https://www.dentoncounty.gov,accessibility,county,Accessibility,https://www.dentoncounty.gov/accessibility
TX,denton,https://www.dentoncounty.gov,copyright,county,Copyright Notices,https://www.dentoncounty.gov/copyright
TX,denton,https://www.dentoncounty.gov,privacy,county,Privacy Policy,https://www.dentoncounty.gov/privacy
TX,dewitt,https://www.co.dewitt.tx.us/,accessibility,county,Accessibility,https://www.co.dewitt.tx.us/page/dewitt.Accessibility
TX,dickens,https://www.co.dickens.tx.us/,records,county,Public Information Act,https://www.co.dickens.tx.us/page/dickens.PublicInformation
TX,donley,https://www.co.donley.tx.us/,records,county,Open Records Requests,https://www.co.donley.tx.us/page/Open.Records
TX,donley,https://www.co.donley.tx.us/,accessibility,county,Web Accessibility,https://www.co.donley.tx.us/page/Accessibility
TX,donley,https://www.co.donley.tx.us/,disclaimer,county,Disclaimer,https://www.co.donley.tx.us/page/web-disclaimer
TX,eastland,https://www.eastlandcounty.gov/,accessibility,county,Accessibility,https://www.eastlandcounty.gov/site/accessibility
TX,eastland,https://www.eastlandcounty.gov/,copyright,county,Copyright Notices,https://www.eastlandcounty.gov/site/copyright
TX,eastland,https://www.eastlandcounty.gov/,privacy,county,Privacy Policy,https://www.eastlandcounty.gov/site/privacy
TX,ector,https://www.ectorcountytx.gov/,accessibility,county,Accessibility,https://www.ectorcountytx.gov/site/accessibility
TX,edwards,https://www.co.edwards.tx.us/,disclaimer,county,Disclaimer,https://www.co.edwards.tx.us/page/web-disclaimer
TX,edwards,https://www.co.edwards.tx.us/,accessibility,county,Web Accessibility,https://www.co.edwards.tx.us/page/web-accessibility
TX,el_paso,https://www.epcounty.com/,accessibility,county,Accessibility,https://www.epcounty.com/site/accessibility
TX,el_paso,https://www.epcounty.com/,copyright,county,Copyright Notices,https://www.epcounty.com/copyright
TX,ellis,http://www.elliscountytx.gov/,accessibility,county,Accessibility,http://www.elliscountytx.gov/accessibility
TX,ellis,http://www.elliscountytx.gov/,copyright,county,Copyright Notices,http://www.elliscountytx.gov/503
TX,ellis,http://www.elliscountytx.gov/,disclaimer,other-host,Privacy Policy,http://www.co.ellis.tx.us/502/Disclaimer
TX,erath,https://www.co.erath.tx.us/,accessibility,county,Accessibility,https://www.co.erath.tx.us/accessibility
TX,erath,https://www.co.erath.tx.us/,copyright,county,Copyright Notices,https://www.co.erath.tx.us/copyright
TX,erath,https://www.co.erath.tx.us/,privacy,county,Privacy Policy,https://www.co.erath.tx.us/privacy
TX,falls,https://www.co.falls.tx.us/,accessibility,county,Web Accessibility,https://www.co.falls.tx.us/page/web-accessibility
TX,fannin,https://www.co.fannin.tx.us/,records,county,Public Information Requests,https://www.co.fannin.tx.us/page/fannin.pia
TX,fayette,https://www.co.fayette.tx.us/,records,county,Public Information Request,https://www.co.fayette.tx.us/upload/page/1714/docs/PUBLIC INFORMATION REQUESTS Updated.pdf
TX,fayette,https://www.co.fayette.tx.us/,accessibility,county,Accessibility,https://www.co.fayette.tx.us/page/fayette.Accessibility
TX,floyd,https://www.co.floyd.tx.us/,accessibility,county,Accessibility,https://www.co.floyd.tx.us/page/floyd.Accessibility
TX,foard,https://www.foardcounty.texas.gov/,disclaimer,county,Disclaimer,https://www.foardcounty.texas.gov/page/Disclaimer
TX,foard,https://www.foardcounty.texas.gov/,accessibility,county,Web Accessibility,https://www.foardcounty.texas.gov/page/web-accessibility
TX,fort_bend,https://www.fortbendcountytx.gov/,disclaimer,county,Disclaimers,https://www.fortbendcountytx.gov/your-county/about-us/disclaimers
TX,fort_bend,https://www.fortbendcountytx.gov/,privacy,county,Privacy Policy,https://www.fortbendcountytx.gov/your-county/about-us/privacy-policy
TX,fort_bend,https://www.fortbendcountytx.gov/,disclaimer,county,Legal Notices,https://www.fortbendcountytx.gov/your-county/legal-notices
TX,frio,https://www.co.frio.tx.us/,accessibility,county,Web Accessibility,https://www.co.frio.tx.us/page/web-accessibility
TX,gaines,https://www.co.gaines.tx.us/,records,county,Open Records Request,https://www.co.gaines.tx.us/upload/page/5475/docs/25-09-25 Open Records Act posted on web page.pdf
TX,gaines,https://www.co.gaines.tx.us/,accessibility,county,Accessibility,https://www.co.gaines.tx.us/page/gaines.Accessability
TX,galveston,https://www.galvestoncountytx.gov/,disclaimer,other-host,Inmate Services,http://p2c.co.galveston.tx.us/Summary_Disclaimer.aspx
TX,galveston,https://www.galvestoncountytx.gov/,privacy,county,Privacy Policy,https://www.galvestoncountytx.gov/county-offices/information-technology/strategy-and-policies/privacy-policy
TX,gillespie,https://www.gillespiecounty.gov/,accessibility,county,Accessibility,https://www.gillespiecounty.gov/site/accessibility
TX,gillespie,https://www.gillespiecounty.gov/,copyright,county,Copyright Notices,https://www.gillespiecounty.gov/site/copyright
TX,gillespie,https://www.gillespiecounty.gov/,privacy,county,Privacy Policy,https://www.gillespiecounty.gov/site/privacy
TX,glasscock,https://www.co.glasscock.tx.us/,disclaimer,county,Disclaimer,https://www.co.glasscock.tx.us/page/web-disclaimer
TX,glasscock,https://www.co.glasscock.tx.us/,accessibility,county,Web Accessibility,https://www.co.glasscock.tx.us/page/web-accessibility
TX,gonzales,https://www.co.gonzales.tx.us/,records,other-host,Public Information Act Overview,https://www.oag.state.tx.us/open-government/members-public/overview-public-information-act
TX,gonzales,https://www.co.gonzales.tx.us/,accessibility,county,Accessibility,https://www.co.gonzales.tx.us/page/gonzales.Accessibility
TX,grayson,https://www.co.grayson.tx.us/,accessibility,county,Accessibility Access,https://www.co.grayson.tx.us/page/article/215
TX,grayson,https://www.co.grayson.tx.us/,accessibility,county,Web Accessibility,https://www.co.grayson.tx.us/page/web-accessibility
TX,grimes,https://grimescountytexas.gov/,records,county,Public Information Requests,https://grimescountytexas.gov/index.asp
TX,grimes,https://grimescountytexas.gov/,accessibility,county,Accessibility Statement,https://grimescountytexas.gov/index.asp
TX,grimes,https://grimescountytexas.gov/,accessibility,county,Accessibility Statement,https://grimescountytexas.gov/accessibility
TX,grimes,https://grimescountytexas.gov/,privacy,other-host,Privacy Policy,https://catalisgov.com/privacy-policy/
TX,hale,https://www.halecounty.org/,disclaimer,county,Disclaimer,https://www.halecounty.org/disclaimer/index.php
TX,hale,https://www.halecounty.org/,privacy,county,Privacy,https://www.halecounty.org/privacy/index.php
TX,hale,https://www.halecounty.org/,accessibility,county,Accessibility,https://www.halecounty.org/accessibility/index.php
TX,hall,https://www.co.hall.tx.us/,accessibility,county,Accessibility,https://www.co.hall.tx.us/page/hall.Accessibility
TX,hamilton,https://www.hamiltoncountytx.gov/,accessibility,county,Accessibility,https://www.hamiltoncountytx.gov/page/hamilton.Accessibility
TX,hardin,https://www.hardincountytx.gov,disclaimer,county,Disclaimer,https://www.hardincountytx.gov/page/Disclaimer
TX,hardin,https://www.hardincountytx.gov,accessibility,county,Web Accessibility,http://www.hardincountytx.gov/page/web-accessibility
TX,harris,https://www.harriscountytx.gov/,accessibility,county,Skip to Accessibility Page,https://www.harriscountytx.gov/About/Accessibility-RANDOM
TX,harris,https://www.harriscountytx.gov/,privacy,county,Privacy,https://www.harriscountytx.gov/About/Privacy
TX,harrison,https://www.harrisoncountytexas.gov/,disclaimer,county,Disclaimer,https://www.harrisoncountytexas.gov/page/web-disclaimer
TX,harrison,https://www.harrisoncountytexas.gov/,accessibility,county,Web Accessibility,https://www.harrisoncountytexas.gov/page/web-accessibility
TX,hartley,https://www.co.hartley.tx.us/,disclaimer,county,Legal Notices,https://www.co.hartley.tx.us/page/hartley.County.News
TX,hartley,https://www.co.hartley.tx.us/,records,county,Public Information Request,https://www.co.hartley.tx.us/page/hartley.inforeguest
TX,hays,https://www.hayscountytx.gov/,records,other-host,Open records,https://hayscountytx.govqa.us/WEBAPP/_rs/(S(hkunjx3qm3rzgirjymx5kj4v))/SupportHome.aspx?s=
TX,hays,https://www.hayscountytx.gov/,accessibility,county,Accessibility,https://www.hayscountytx.gov/site/accessibility
TX,hays,https://www.hayscountytx.gov/,copyright,county,Copyright Notices,https://www.hayscountytx.gov/copyright
TX,hays,https://www.hayscountytx.gov/,privacy,county,Privacy Policy,https://www.hayscountytx.gov/site/privacy
TX,hemphill,https://www.co.hemphill.tx.us/,accessibility,county,Accessibility,https://www.co.hemphill.tx.us/page/hemphill.Accessibility
TX,henderson,https://www.henderson-county.com/,accessibility,county,Accessibility,https://www.henderson-county.com/site/accessibility
TX,henderson,https://www.henderson-county.com/,copyright,county,Copyright Notices,https://www.henderson-county.com/copyright
TX,hidalgo,https://www.hidalgocounty.us/,accessibility,county,Web Accessibility Statement,https://www.hidalgocounty.us/3474/Web-RANDOM-RANDOM
TX,hidalgo,https://www.hidalgocounty.us/,accessibility,county,ADA Policy,https://www.hidalgocounty.us/3212/ADA-Policy
TX,hill,https://www.co.hill.tx.us/,records,county,Open Records Requests,https://www.co.hill.tx.us/page/hill.OpenRecordsRequest
TX,hockley,https://www.co.hockley.tx.us/,records,county,Public Information Request,https://www.co.hockley.tx.us/page/PublicInfoRequest
TX,hockley,https://www.co.hockley.tx.us/,disclaimer,county,Disclaimer,https://www.co.hockley.tx.us/page/web-disclaimer
TX,hockley,https://www.co.hockley.tx.us/,accessibility,county,Web Accessibility,https://www.co.hockley.tx.us/page/web-accessibility
TX,hood,https://hoodcounty.texas.gov/,records,county,Open Records Request,https://hoodcounty.texas.gov/government/open_record_requests.php
TX,hood,https://hoodcounty.texas.gov/,accessibility,county,ADA Compliance,https://hoodcounty.texas.gov/departments/personnel/ada.php
TX,hopkins,https://www.hopkinscountytx.org/,accessibility,county,Accessibility,https://www.hopkinscountytx.org/page/hopkins.Accessibility
TX,howard,https://www.co.howard.tx.us/,accessibility,county,Accessibility,https://www.co.howard.tx.us/site/accessibility
TX,howard,https://www.co.howard.tx.us/,copyright,county,Copyright Notices,https://www.co.howard.tx.us/site/copyright
TX,howard,https://www.co.howard.tx.us/,privacy,county,Privacy Policy,https://www.co.howard.tx.us/site/privacy
TX,hudspeth,https://www.co.hudspeth.tx.us/,records,county,Public Information Request,https://www.co.hudspeth.tx.us/page/PublicInformationRequests
TX,hudspeth,https://www.co.hudspeth.tx.us/,disclaimer,county,Disclaimer,https://www.co.hudspeth.tx.us/page/web-disclaimer
TX,hudspeth,https://www.co.hudspeth.tx.us/,accessibility,county,Web Accessibility,https://www.co.hudspeth.tx.us/page/web-accessibility
TX,hunt,https://www.huntcounty.net/,disclaimer,other-host,Real Property Record Search,https://huntcountytx-web.tylerhost.net/web/user/disclaimer
TX,hunt,https://www.huntcounty.net/,records,county,Make a Public Information Request,https://www.huntcounty.net/upload/page/0067/docs/Public Information Requests New.pdf
TX,hunt,https://www.huntcounty.net/,disclaimer,county,Disclaimer,https://www.huntcounty.net/page/web-disclaimer
TX,hunt,https://www.huntcounty.net/,accessibility,county,Web Accessibility,https://www.huntcounty.net/page/ADA-RANDOM
TX,irion,https://www.co.irion.tx.us/,accessibility,county,Accessibility,https://www.co.irion.tx.us/site/accessibility
TX,irion,https://www.co.irion.tx.us/,copyright,county,Copyright Notices,https://www.co.irion.tx.us/site/copyright
TX,irion,https://www.co.irion.tx.us/,privacy,county,Privacy Policy,https://www.co.irion.tx.us/site/privacy
TX,jack,https://www.jackcounty.texas.gov/,records,other-host,Public Information Request,https://jackcountytexas.nextrequest.com/
TX,jackson,https://www.co.jackson.tx.us/,records,county,Make an Open Records Request,https://www.co.jackson.tx.us/page/Open.Records.Request
TX,jackson,https://www.co.jackson.tx.us/,disclaimer,county,Disclaimer,https://www.co.jackson.tx.us/page/web-disclaimer
TX,jackson,https://www.co.jackson.tx.us/,accessibility,county,Web Accessibility,https://www.co.jackson.tx.us/page/web-accessibility
TX,jasper,https://www.co.jasper.tx.us/,disclaimer,county,Disclaimer,https://www.co.jasper.tx.us/page/web-disclaimer
TX,jasper,https://www.co.jasper.tx.us/,accessibility,county,Web Accessibility,https://www.co.jasper.tx.us/page/web-accessibility
TX,jefferson,https://jeffersoncountytx.gov/,records,other-host,Resolution for Public Information Act Policy,https://blobs.jeffersoncountytx.gov/Home/Documents/RESOLUTION_FOR_PUBLIC_INFORMATION_ACT_POLICY.pdf
TX,jim_hogg,https://www.co.jim-hogg.tx.us/,disclaimer,county,LEGAL NOTICE,https://www.co.jim-hogg.tx.us/upload/page/9452/2023/doc051823001.pdf
TX,johnson,https://www.johnsoncountytx.org/,records,county,Public Information Request Information,https://www.johnsoncountytx.org/departments/elections-office/public-information-request-information
TX,karnes,https://www.co.karnes.tx.us/,records,county,Karnes County Public Information Request Form,https://www.co.karnes.tx.us/upload/page/1038/Karnes County PIR Form.pdf
TX,karnes,https://www.co.karnes.tx.us/,accessibility,county,Accessibility,https://www.co.karnes.tx.us/page/karnes.Accessibility
TX,kaufman,https://www.kaufmancounty.net/,accessibility,county,Accessibility,https://www.kaufmancounty.net/accessibility
TX,kaufman,https://www.kaufmancounty.net/,copyright,county,Copyright Notices,https://www.kaufmancounty.net/copyright
TX,kaufman,https://www.kaufmancounty.net/,privacy,county,Privacy Policy,https://www.kaufmancounty.net/privacy
TX,kendall,https://www.kendallcountytx.gov/,accessibility,county,Accessibility,https://www.kendallcountytx.gov/accessibility
TX,kendall,https://www.kendallcountytx.gov/,copyright,county,Copyright Notices,https://www.kendallcountytx.gov/copyright
TX,kendall,https://www.kendallcountytx.gov/,privacy,county,Privacy Policy,https://www.kendallcountytx.gov/254/Privacy-Policy
TX,kerr,https://kerrcountytx.gov/,records,other-host,Open Records Request,http://legacy.co.kerr.tx.us/notices/docs/2025-08-07_Public-RANDOM-Request-Form.pdf
TX,kimble,https://www.co.kimble.tx.us/,disclaimer,county,Disclaimer,https://www.co.kimble.tx.us/page/web-disclaimer
TX,kimble,https://www.co.kimble.tx.us/,accessibility,county,Web Accessibility,https://www.co.kimble.tx.us/page/web-accessibility
TX,kinney,https://www.co.kinney.tx.us/,disclaimer,county,Disclaimer,https://www.co.kinney.tx.us/page/web-disclaimer
TX,kinney,https://www.co.kinney.tx.us/,accessibility,county,Web Accessibility,https://www.co.kinney.tx.us/page/web-accessibility
TX,kleberg,https://www.co.kleberg.tx.us/,accessibility,county,Accessibility,https://www.co.kleberg.tx.us/page/kleberg.Accessibility
TX,knox,https://www.knoxcountytexas.org/,accessibility,county,Accessibility,https://www.knoxcountytexas.org/page/knox.Accessibility
TX,la_salle,https://www.co.la-salle.tx.us/,records,county,Open Records,https://www.co.la-salle.tx.us/index.php/open-records-request
TX,lamar,https://www.lamarcountytx.gov,accessibility,county,Accessibility,https://www.lamarcountytx.gov/site/accessibility
TX,lamar,https://www.lamarcountytx.gov,copyright,county,Copyright Notices,https://www.lamarcountytx.gov/site/copyright
TX,lamar,https://www.lamarcountytx.gov,privacy,county,Privacy Policy,https://www.lamarcountytx.gov/site/privacy
TX,lamb,https://www.co.lamb.tx.us/,accessibility,county,Web Accessibility,https://www.co.lamb.tx.us/page/web-accessibility
TX,lamb,https://www.co.lamb.tx.us/,disclaimer,county,Disclaimer,https://www.co.lamb.tx.us/page/web-disclaimer
TX,lampasas,https://www.co.lampasas.tx.us/,accessibility,county,Accessibility,https://www.co.lampasas.tx.us/page/lampasas.Accessibility
TX,lavaca,https://www.co.lavaca.tx.us/,records,county,Open Records Request,https://www.co.lavaca.tx.us/page/OpenRecords
TX,lavaca,https://www.co.lavaca.tx.us/,accessibility,county,Web Accessibility,https://www.co.lavaca.tx.us/page/web-accessibility
TX,leon,https://www.co.leon.tx.us/,accessibility,county,Accessibility,https://www.co.leon.tx.us/page/leon.Accessibility
TX,liberty,https://www.co.liberty.tx.us/,records,county,Public Information Request,https://www.co.liberty.tx.us/page/Public Information Requests
TX,liberty,https://www.co.liberty.tx.us/,accessibility,county,Accessibility,https://www.co.liberty.tx.us/page/liberty.Accessibility
TX,limestone,https://www.co.limestone.tx.us/,privacy,county,01 / 16 / 2026 - New SMS Privacy Policy,https://www.co.limestone.tx.us/upload/page/5608/SMS Privacy Policy.pdf
TX,limestone,https://www.co.limestone.tx.us/,accessibility,county,Accessibility,https://www.co.limestone.tx.us/page/limestone.Accessibility
TX,lipscomb,https://www.co.lipscomb.tx.us/,accessibility,county,Accessibility,https://www.co.lipscomb.tx.us/page/lipscomb.Accessibility
TX,live_oak,https://www.co.live-oak.tx.us/,accessibility,county,ADA Notice and Regulations,https://www.co.live-oak.tx.us/page/liveoak.ADAnoticeandregulations
TX,llano,https://www.llanocounty.gov,records,county,Submit a Public Information Request,https://www.llanocounty.gov/page/PublicInformation
TX,llano,https://www.llanocounty.gov,records,county,Public Information Requests,https://www.llanocounty.gov/page/LLano.PublicInformation
TX,llano,https://www.llanocounty.gov,accessibility,county,Web Accessibility,https://www.llanocounty.gov/page/web-accessibility
TX,lubbock,https://www.lubbockcounty.gov/,privacy,county,Privacy Policy,https://www.lubbockcounty.gov/privacy
TX,lubbock,https://www.lubbockcounty.gov/,accessibility,county,Accessibility Statement,https://www.lubbockcounty.gov/accessibility
TX,lubbock,https://www.lubbockcounty.gov/,terms,county,Terms of Use,https://www.lubbockcounty.gov/terms
TX,lynn,https://www.co.lynn.tx.us/,accessibility,county,Accessibility,https://www.co.lynn.tx.us/page/lynn.Accessibility
TX,madison,https://www.co.madison.tx.us/,accessibility,county,Accessibility,https://www.co.madison.tx.us/page/madison.Accessibility
TX,marion,https://www.co.marion.tx.us/,accessibility,county,Accessibility,https://www.co.marion.tx.us/page/marion.Accessibility
TX,martin,https://www.martincountytx.com/,accessibility,county,Accessibility,https://www.martincountytx.com/Accessibility
TX,martin,https://www.martincountytx.com/,copyright,county,Copyright,https://www.martincountytx.com/site/copyright
TX,mason,https://www.co.mason.tx.us/,records,county,Public Information Request Form,https://www.co.mason.tx.us/upload/common/2020/Request Form 3.18.pdf
TX,mason,https://www.co.mason.tx.us/,accessibility,county,Mason County Web Accessibility Statement,https://www.co.mason.tx.us/upload/page/0336/2023/Mason County Web Accessibility Statement.docx
TX,mason,https://www.co.mason.tx.us/,accessibility,county,Accessibility,https://www.co.mason.tx.us/page/mason.Accessibility
TX,matagorda,https://www.matagordatx.gov/,records,county,Public Information Act Policy,https://www.matagordatx.gov/page/PIA
TX,matagorda,https://www.matagordatx.gov/,disclaimer,county,Disclaimer,https://www.matagordatx.gov/page/Disclaimer
TX,matagorda,https://www.matagordatx.gov/,accessibility,county,Web Accessibility,https://www.matagordatx.gov/page/web-accessibility
TX,maverick,https://co.maverick.tx.us/,privacy,county,Privacy Policy,https://co.maverick.tx.us/privacy
TX,maverick,https://co.maverick.tx.us/,records,county,Open Records Request,https://co.maverick.tx.us/open-records
TX,mcculloch,https://www.co.mcculloch.tx.us/,records,county,Open Records Request,https://www.co.mcculloch.tx.us/page/Open Records Request
TX,mcculloch,https://www.co.mcculloch.tx.us/,accessibility,county,Accessibility,https://www.co.mcculloch.tx.us/page/McCulloch.Accessibility
TX,mclennan,https://www.mclennan.gov/,records,other-host,Sheriff's Office Open Records Request,https://mclennansherifftx.govqa.us/WEBAPP/_rs/(S(zih5k2kmwz2hac5i4ui0fsjo))/supporthome.aspx
TX,mclennan,https://www.mclennan.gov/,copyright,county,Copyright Notices,https://www.mclennan.gov/site/copyright
TX,mclennan,https://www.mclennan.gov/,accessibility,county,Website Accessibility,https://www.mclennan.gov/1153/Website-RANDOM
TX,mcmullen,https://mcmullencounty.org/,copyright,other-host,© 2024 Copyright McMullen County - Official Site - Web Design By: BIS Consultants,https://bisconsultants.com/
TX,medina,https://www.medinatx.gov/,disclaimer,county,Disclaimer,https://www.medinatx.gov/page/web-disclaimer
TX,medina,https://www.medinatx.gov/,accessibility,county,Web Accessibility,https://www.medinatx.gov/page/web-accessibility
TX,midland,https://www.co.midland.tx.us/,accessibility,county,Accessibility,https://www.co.midland.tx.us/accessibility
TX,midland,https://www.co.midland.tx.us/,copyright,county,Copyright Notices,https://www.co.midland.tx.us/site/copyright
TX,milam,https://www.milamcounty.net/,records,county,Public Information Request,https://www.milamcounty.net/departments/elections_and_voter_registrar/public_information_request.php
TX,milam,https://www.milamcounty.net/,records,county,Public Information Request,https://www.milamcounty.net/departments/public_information_request.php
TX,mills,https://www.millscountytx.gov,disclaimer,county,Disclaimer,https://www.millscountytx.gov/page/web-disclaimer
TX,mills,https://www.millscountytx.gov,accessibility,county,Web Accessibility,https://www.millscountytx.gov/page/web-accessibility
TX,mitchell,https://www.co.mitchell.tx.us/,disclaimer,county,Disclaimer,https://www.co.mitchell.tx.us/page/web-disclaimer
TX,mitchell,https://www.co.mitchell.tx.us/,accessibility,county,Web Accessibility,https://www.co.mitchell.tx.us/page/web-accessibility
TX,montague,https://www.co.montague.tx.us/,records,county,Property Tax Roll & Open Records,https://www.co.montague.tx.us/page/montague.TAC.OpenRecords
TX,montague,https://www.co.montague.tx.us/,records,county,Open Records,https://www.co.montague.tx.us/page/montague.OpenRecords
TX,montague,https://www.co.montague.tx.us/,accessibility,county,Accessibility Notice,https://www.co.montague.tx.us/page/montague.AccessibilityNotice
TX,moore,https://www.co.moore.tx.us/,accessibility,county,Accessibility,https://www.co.moore.tx.us/page/moore.Accessibility
TX,motley,https://www.co.motley.tx.us/,accessibility,county,Web Accessibility Statement,https://www.co.motley.tx.us/upload/page/9447/Web Accessibility 09.29.2021.pdf
TX,nacogdoches,https://www.nacogdochesco.gov/,records,county,Public Information Request,https://www.nacogdochesco.gov/FormCenter/General-Forms-4/FOIA-Form-46
TX,navarro,https://www.co.navarro.tx.us/,records,county,Open Records Requests,https://www.co.navarro.tx.us/page/Open.Records.Request
TX,navarro,https://www.co.navarro.tx.us/,disclaimer,county,Disclaimer,https://www.co.navarro.tx.us/page/web-disclaimer
TX,navarro,https://www.co.navarro.tx.us/,accessibility,county,Web Accessibility,https://www.co.navarro.tx.us/page/web-accessibility
TX,newton,https://www.co.newton.tx.us/,records,county,Public Information Request Policy,https://www.co.newton.tx.us/upload/page/3492/docs/PIR Updated 09 2026.pdf
TX,nolan,https://www.co.nolan.tx.us/,records,county,Public Information Request,https://www.co.nolan.tx.us/upload/page/0482/docs/Financial/Nolan County Financial Public Information Requests.pdf
TX,nueces,https://www.nuecesco.com/,accessibility,county,Accessibility,https://www.nuecesco.com/commissioners-court/commissioner-court-administration/accessibility-awareness
TX,oldham,https://www.co.oldham.tx.us/,disclaimer,county,Disclaimer,https://www.co.oldham.tx.us/page/web-disclaimer
TX,oldham,https://www.co.oldham.tx.us/,accessibility,county,Web Accessibility,https://www.co.oldham.tx.us/page/web-accessibility
TX,orange,https://www.co.orange.tx.us/,disclaimer,county,Maps,https://www.co.orange.tx.us/departments/EnvironmentalHealthCodeCompliance/MapPortalDisclaimer
TX,panola,https://www.co.panola.tx.us/,accessibility,county,Accessibility,https://www.co.panola.tx.us/site/accessibility
TX,panola,https://www.co.panola.tx.us/,copyright,county,Copyright Notices,https://www.co.panola.tx.us/site/copyright
TX,panola,https://www.co.panola.tx.us/,privacy,county,Privacy Policy,https://www.co.panola.tx.us/site/privacy
TX,parker,https://www.parkercountytx.gov/,accessibility,county,Accessibility,https://www.parkercountytx.gov/accessibility
TX,parker,https://www.parkercountytx.gov/,privacy,county,Privacy,https://www.parkercountytx.gov/privacy
TX,parker,https://www.parkercountytx.gov/,copyright,county,Copyright Notices,https://www.parkercountytx.gov/site/copyright
TX,parmer,https://parmercounty.texas.gov/,accessibility,county,Accessibility,https://parmercounty.texas.gov/?page_id=5031
TX,polk,https://www.polktx.gov/,accessibility,county,Accessibility,https://www.polktx.gov/site/accessibility
TX,polk,https://www.polktx.gov/,copyright,county,Copyright Notices,https://www.polktx.gov/copyright
TX,polk,https://www.polktx.gov/,privacy,county,Privacy Policy,https://www.polktx.gov/site/privacy
TX,potter,https://www.co.potter.tx.us/,accessibility,county,Web Accessibility,https://www.co.potter.tx.us/page/web-accessibility
TX,randall,https://www.randallcounty.gov/,privacy,county,Privacy Policy,https://www.randallcounty.gov/site/privacy
TX,randall,https://www.randallcounty.gov/,accessibility,county,Accessibility,https://www.randallcounty.gov/accessibility
TX,randall,https://www.randallcounty.gov/,copyright,county,Copyright Notices,https://www.randallcounty.gov/site/copyright
TX,randall,https://www.randallcounty.gov/,disclaimer,county,Disclaimer,https://www.randallcounty.gov/disclaimer
TX,reagan,https://www.co.reagan.tx.us/,accessibility,county,Accessibility,https://www.co.reagan.tx.us/page/reagan.Accessibility
TX,real,https://www.co.real.tx.us/,accessibility,county,Accessibility,https://www.co.real.tx.us/page/real.Accessibility
TX,refugio,https://www.co.refugio.tx.us/,accessibility,county,Voting Accessibility,https://www.co.refugio.tx.us/page/refugio.Elections.Voting.Accessibility
TX,refugio,https://www.co.refugio.tx.us/,accessibility,county,Accessibility,https://www.co.refugio.tx.us/page/refugio.Accessibility
TX,robertson,https://www.co.robertson.tx.us/,accessibility,county,Accessibility,https://www.co.robertson.tx.us/page/robertson.Accessibility
TX,rockwall,https://www.rockwallcountytexas.com/,accessibility,county,Accessibility,https://www.rockwallcountytexas.com/accessibility
TX,rockwall,https://www.rockwallcountytexas.com/,copyright,county,Copyright Notices,https://www.rockwallcountytexas.com/site/copyright
TX,runnels,https://www.runnelscounty.org/,accessibility,county,Elections Website Accessibility Statement,https://www.runnelscounty.org/page/runnels.ElectionWebsiteAccessibilityStatement
TX,runnels,https://www.runnelscounty.org/,accessibility,county,Accessibility,https://www.runnelscounty.org/page/runnels.Accessibility
TX,rusk,https://www.ruskcountytx.gov/,records,county,Texas Public Information Act Information Request Form,https://www.ruskcountytx.gov/upload/page/0054/docs/Texas Public Information Act Information Request Form.pdf
TX,rusk,https://www.ruskcountytx.gov/,records,county,Public Information Act,https://www.ruskcountytx.gov/upload/page/0054/docs/Public Information Act.pdf
TX,rusk,https://www.ruskcountytx.gov/,disclaimer,county,Disclaimer,https://www.ruskcountytx.gov/page/web-disclaimer
TX,rusk,https://www.ruskcountytx.gov/,accessibility,county,Web Accessibility,https://www.ruskcountytx.gov/page/web-accessibility
TX,sabine,https://www.co.sabine.tx.us/,records,county,Public information act,https://www.co.sabine.tx.us/page/sabine.Publicinformationact
TX,san_augustine,https://www.co.san-augustine.tx.us/,accessibility,county,Accessibility,https://www.co.san-augustine.tx.us/page/sanaugustine.Accessibility
TX,san_jacinto,https://www.co.san-jacinto.tx.us/,records,county,TEXAS FOIA LAWS,https://www.co.san-jacinto.tx.us/upload/page/6905/docs/TEXAS FOIA LAWS.pdf
TX,san_jacinto,https://www.co.san-jacinto.tx.us/,records,county,TEXAS SAMPLE FOIA REQUEST,https://www.co.san-jacinto.tx.us/upload/page/6905/docs/TEXAS FOIA SAMPLE REQUEST.pdf
TX,san_patricio,https://www.sanpatriciocountytx.gov,records,county,Public Information Requests,https://www.sanpatriciocountytx.gov/page/PublicInformationRequests
TX,san_patricio,https://www.sanpatriciocountytx.gov,accessibility,county,Web Accessibility,https://www.sanpatriciocountytx.gov/page/web-accessibility
TX,san_patricio,https://www.sanpatriciocountytx.gov,disclaimer,county,Disclaimer,https://www.sanpatriciocountytx.gov/page/web-disclaimer
TX,schleicher,https://www.schleichercounty.gov/,disclaimer,county,Disclaimer,https://www.schleichercounty.gov/page/web-disclaimer
TX,schleicher,https://www.schleichercounty.gov/,accessibility,county,Web Accessibility,https://www.schleichercounty.gov/page/web-accessibility
TX,scurry,https://www.co.scurry.tx.us/,accessibility,county,Web Accessibility,https://www.co.scurry.tx.us/page/web-accessibility
TX,sherman,https://www.shermancountytx.gov,accessibility,county,Web Accessibility,https://www.shermancountytx.gov/page/web-accessibility
TX,sherman,https://www.shermancountytx.gov,disclaimer,county,Disclaimer,https://www.shermancountytx.gov/page/web-disclaimer
TX,smith,https://www.smith-county.com/,records,other-host,Public Information Request,https://smithcountytx.justfoia.com/publicportal/home/newrequest
TX,smith,https://www.smith-county.com/,accessibility,county,Accessibility,https://www.smith-county.com/site/accessibility
TX,smith,https://www.smith-county.com/,copyright,county,Copyright Notices,https://www.smith-county.com/copyright
TX,smith,https://www.smith-county.com/,privacy,county,Privacy Policy,https://www.smith-county.com/site/privacy
TX,somervell,https://www.somervell.co/,records,county,Open Records,https://www.somervell.co/366/Open-Records-Request
TX,somervell,https://www.somervell.co/,accessibility,county,Accessibility,https://www.somervell.co/site/accessibility
TX,somervell,https://www.somervell.co/,copyright,county,Copyright Notices,https://www.somervell.co/copyright
TX,somervell,https://www.somervell.co/,privacy,county,Privacy Policy,https://www.somervell.co/site/privacy
TX,starr,https://www.co.starr.tx.us/,disclaimer,county,Disclaimer,https://www.co.starr.tx.us/page/web-disclaimer
TX,starr,https://www.co.starr.tx.us/,accessibility,county,Web Accessibility,https://www.co.starr.tx.us/page/web-accessibility
TX,stephens,https://www.co.stephens.tx.us/,accessibility,county,Accessibility,https://www.co.stephens.tx.us/page/stephens.Accessibilty
TX,sterling,https://www.sterlingcotx.gov,disclaimer,county,Disclaimer,https://www.sterlingcotx.gov/page/web-disclaimer
TX,sterling,https://www.sterlingcotx.gov,accessibility,county,Web Accessibility,https://www.sterlingcotx.gov/page/web-accessibility
TX,stonewall,https://www.stonewallcounty.org/,accessibility,county,Accessibility,https://www.stonewallcounty.org/page/stonewall.Accessibility
TX,sutton,https://www.co.sutton.tx.us/,accessibility,county,Accessibility,https://www.co.sutton.tx.us/page/sutton.Accessibility
TX,tarrant,https://www.tarrantcountytx.gov/en.html,records,county,Public Information Act,https://www.tarrantcountytx.gov/en/county/website-use/public-information-act.html
TX,tarrant,https://www.tarrantcountytx.gov/en.html,privacy,county,Privacy Policy,https://www.tarrantcountytx.gov/en/county/website-use/privacy-policy.html
TX,tarrant,https://www.tarrantcountytx.gov/en.html,accessibility,county,Accessibility,https://www.tarrantcountytx.gov/en/county/website-use/accessibility-statement.html
TX,taylor,https://taylorcounty.texas.gov/,accessibility,county,Accessibility,https://taylorcounty.texas.gov/accessibility
TX,taylor,https://taylorcounty.texas.gov/,copyright,county,Copyright Notices,https://taylorcounty.texas.gov/site/copyright
TX,titus,https://www.co.titus.tx.us/,disclaimer,county,NEWS & PRESS RELEASES,https://www.co.titus.tx.us/page/coclerk.publiclegalnotices
TX,titus,https://www.co.titus.tx.us/,accessibility,county,Web Accessibility,https://www.co.titus.tx.us/page/web-accessibility
TX,travis,https://www.traviscountytx.gov/,accessibility,county,Accessibility Statement,https://www.traviscountytx.gov/accessibility-statement
TX,travis,https://www.traviscountytx.gov/,disclaimer,county,Disclaimers,https://www.traviscountytx.gov/disclaimer
TX,travis,https://www.traviscountytx.gov/,privacy,county,Privacy Policy,https://www.traviscountytx.gov/its/website-privacy-policy
TX,tyler,https://www.co.tyler.tx.us/,records,county,Open Records Request,https://www.co.tyler.tx.us/page/tyler.Financial.OpenRecordsRequest
TX,tyler,https://www.co.tyler.tx.us/,records,county,Open Records Request,https://www.co.tyler.tx.us/page/tyler.OfficialPublicRecords
TX,upshur,https://www.countyofupshur.com/,records,county,Public Information Request,https://www.countyofupshur.com/upload/page/0001/Office of Sheriff - Public Information Request-New.pdf
TX,upton,https://www.co.upton.tx.us/,accessibility,county,Accessibility,https://www.co.upton.tx.us/page/upton.Accessibility
TX,uvalde,https://www.uvaldecounty.gov/,disclaimer,county,Legal Notices,https://www.uvaldecounty.gov/uvalde-county-legal-notices
TX,val_verde,https://valverdecounty.texas.gov/,accessibility,county,Accessibility,https://valverdecounty.texas.gov/accessibility
TX,val_verde,https://valverdecounty.texas.gov/,privacy,county,Privacy,https://valverdecounty.texas.gov/privacy
TX,val_verde,https://valverdecounty.texas.gov/,copyright,county,Copyright Notices,https://valverdecounty.texas.gov/site/copyright
TX,van_zandt,https://www.vanzandtcounty.org/,records,county,Public Information Request,https://www.vanzandtcounty.org/page/vanzandt.publicinformationrequest
TX,victoria,https://www.vctx.org,records,other-host,Public Information Act Portal,https://vctx.nextrequest.com/
TX,victoria,https://www.vctx.org,accessibility,county,Accessibility,https://www.vctx.org/page/accessibility
TX,victoria,https://www.vctx.org,disclaimer,county,Web Site Disclaimer,https://www.vctx.org/upload/shared/Victoria County Website Disclaimer.pdf
TX,walker,https://www.co.walker.tx.us/,privacy,county,Privacy Policy,https://www.co.walker.tx.us/privacy
TX,walker,https://www.co.walker.tx.us/,accessibility,county,Accessibility Statement,https://www.co.walker.tx.us/accessibility
TX,walker,https://www.co.walker.tx.us/,terms,county,Terms of Use,https://www.co.walker.tx.us/terms
TX,waller,https://www.co.waller.tx.us/,records,county,Public Information Request,https://www.co.waller.tx.us/page/County.PublicInformation
TX,waller,https://www.co.waller.tx.us/,accessibility,county,Web Accessibility,https://www.co.waller.tx.us/page/web-accessibility
TX,ward,https://www.co.ward.tx.us/,records,county,Public Information Request,https://www.co.ward.tx.us/upload/page/7209/docs/Financials/AuditedStatements/public info request.pdf
TX,ward,https://www.co.ward.tx.us/,privacy,county,Privacy Policy,https://www.co.ward.tx.us/page/ward.Contact - Privacy.Policy
TX,washington,https://www.co.washington.tx.us/,records,county,Texas Public Information Act,https://www.co.washington.tx.us/page/washington.TexasPublicInformationAct
TX,webb,https://www.webbcountytx.gov/,records,other-host,Open Records Request,https://webbcountytx.govqa.us/webapp/_rs/supporthome.aspx
TX,webb,https://www.webbcountytx.gov/,records,other-host,Open Records Request,https://webbcountytx.govqa.us/webapp/_rs/(S(ijbyh1xl3ahlbciu5kpezluz))/supporthome.aspx
TX,webb,https://www.webbcountytx.gov/,accessibility,county,Accessibility,https://www.webbcountytx.gov/site/accessibility
TX,webb,https://www.webbcountytx.gov/,copyright,county,Copyright Notices,https://www.webbcountytx.gov/copyright
TX,webb,https://www.webbcountytx.gov/,privacy,county,Privacy Policy,https://www.webbcountytx.gov/site/privacy
TX,wheeler,https://www.wheelercounty.texas.gov,disclaimer,county,Disclaimer,https://www.wheelercounty.texas.gov/page/web-disclaimer
TX,wheeler,https://www.wheelercounty.texas.gov,accessibility,county,Web Accessibility,https://www.wheelercounty.texas.gov/page/web-accessibility
TX,wichita,https://wichitacountytx.com/,copyright,county,Copyright Notice,https://wichitacountytx.com/copyright-notice/
TX,wilbarger,https://www.co.wilbarger.tx.us/,accessibility,county,ADA Notices,https://www.co.wilbarger.tx.us/page/AmericanDisability
TX,wilbarger,https://www.co.wilbarger.tx.us/,disclaimer,county,Disclaimer,https://www.co.wilbarger.tx.us/page/Disclaimer
TX,wilbarger,https://www.co.wilbarger.tx.us/,accessibility,county,Web Accessibility,https://www.co.wilbarger.tx.us/page/web-accessibility
TX,williamson,https://www.wilcotx.gov/,records,county,Public Information Request,https://www.wilcotx.gov/220/Public-RANDOM-Request
TX,williamson,https://www.wilcotx.gov/,accessibility,county,Accessibility,https://www.wilcotx.gov/1225/ADA-RANDOM-Request
TX,williamson,https://www.wilcotx.gov/,copyright,county,Copyright Notices,https://www.wilcotx.gov/copyright
TX,williamson,https://www.wilcotx.gov/,privacy,county,Privacy Policy,https://www.wilcotx.gov/privacy
TX,wilson,https://www.co.wilson.tx.us/,accessibility,county,Accessibility,https://www.co.wilson.tx.us/page/wilson.Accessibility
TX,winkler,https://www.co.winkler.tx.us/,accessibility,county,Accessibility Statement,https://www.co.winkler.tx.us/CivicAlerts.aspx?AID=13
TX,winkler,https://www.co.winkler.tx.us/,records,other-host,Public Information Request,https://www.texasattorneygeneral.gov/open-government/members-public/how-request-public-information
TX,winkler,https://www.co.winkler.tx.us/,accessibility,county,Accessibility,https://www.co.winkler.tx.us/site/accessibility
TX,winkler,https://www.co.winkler.tx.us/,copyright,county,Copyright Notices,https://www.co.winkler.tx.us/site/copyright
TX,winkler,https://www.co.winkler.tx.us/,privacy,county,Privacy Policy,https://www.co.winkler.tx.us/site/privacy
TX,wise,https://www.co.wise.tx.us/,accessibility,county,Accessibility,https://www.co.wise.tx.us/accessibility
TX,wise,https://www.co.wise.tx.us/,copyright,county,Copyright Notices,https://www.co.wise.tx.us/copyright
TX,wood,https://www.mywoodcounty.com/,accessibility,county,Web Accessibility,https://www.mywoodcounty.com/page/web-accessibility
TX,yoakum,https://www.yoakumcounty.gov/,accessibility,county,Web Accessibility,https://www.yoakumcounty.gov/page/web-accessibility
FL,alachua,https://www.votealachua.gov,records,other-host,Submit a Public Records Request,https://alachuacountysoefl.nextrequest.com/requests/new
FL,alachua,https://www.votealachua.gov,accessibility,county,Accessibility,https://www.votealachua.gov/site/accessibility
FL,alachua,https://www.votealachua.gov,copyright,county,Copyright Notices,https://www.votealachua.gov/copyright
FL,baker,https://votebakerfl.gov,disclaimer,county,Disclaimer,https://votebakerfl.gov/disclaimer
FL,bay,https://www.bayvotesfl.gov,records,county,Public Records Request,https://www.bayvotesfl.gov/research-data/public-records-request/
FL,bay,https://www.bayvotesfl.gov,privacy,county,Privacy Policy,https://www.bayvotesfl.gov/privacy-policy/
FL,bay,https://www.bayvotesfl.gov,accessibility,county,Accessibility Policy,https://www.bayvotesfl.gov/accessibility-policy/
FL,bradford,https://www.votebradfordfl.gov,disclaimer,county,Legal Notices,https://www.votebradfordfl.gov/resources/legal_notices/index.php
FL,bradford,https://www.votebradfordfl.gov,accessibility,county,Accessibility,https://www.votebradfordfl.gov/about_us/accessibility.php
FL,bradford,https://www.votebradfordfl.gov,disclaimer,county,View our Legal Notices Online Read More,https://www.votebradfordfl.gov/news_detail_T10_R1.php
FL,bradford,https://www.votebradfordfl.gov,privacy,vendor/third-party,Privacy Policy,https://migration.revize.com/revize/bradfordcounty/about_us/accessibility.php
FL,brevard,https://www.votebrevard.gov,disclaimer,county,Eligibility Legal Notices,https://www.votebrevard.gov/News-and-Notices/Eligibility-Legal-Notices
FL,brevard,https://www.votebrevard.gov,accessibility,county,Notice of Accessibility,https://www.votebrevard.gov/Miscellaneous-Pages/Notice-of-RANDOM
FL,broward,https://browardvotes.gov/,accessibility,county,Special Needs/ADA Accessibility Options,https://browardvotes.gov/voter-resources/special-needsada-accessibility-options
FL,broward,https://browardvotes.gov/,privacy,county,Privacy Policy,https://browardvotes.gov/privacy-policy
FL,broward,https://browardvotes.gov/,disclaimer,county,Disclaimer,https://browardvotes.gov/disclaimer
FL,calhoun,https://votecalhounfl.gov/,records,county,Public Records Request Information,https://votecalhounfl.gov/general-information/public-records-request-information/
FL,calhoun,https://votecalhounfl.gov/,accessibility,county,We welcome feedback on ways to improve the site’s accessibility,https://votecalhounfl.gov/contact-us
FL,calhoun,https://votecalhounfl.gov/,privacy,county,Privacy Policy,https://votecalhounfl.gov/privacy-policy/
FL,calhoun,https://votecalhounfl.gov/,terms,county,Terms and Condition,https://votecalhounfl.gov/terms-and-condition/
FL,charlotte,https://www.soecharlottecountyfl.gov,disclaimer,county,Legal Notices,https://www.soecharlottecountyfl.gov/1246
FL,charlotte,https://www.soecharlottecountyfl.gov,accessibility,county,Accessibility,https://www.soecharlottecountyfl.gov/site/accessibility
FL,charlotte,https://www.soecharlottecountyfl.gov,copyright,county,Copyright Notices,https://www.soecharlottecountyfl.gov/site/copyright
FL,charlotte,https://www.soecharlottecountyfl.gov,privacy,county,Privacy Policy,https://www.soecharlottecountyfl.gov/site/privacy
FL,citrus,https://www.votecitrus.gov,accessibility,county,Accessibility Statement,https://www.votecitrus.gov/site/accessibility
FL,clay,https://clayelections.gov/,records,other-host,Submit Public Records Request,https://claysoe.nextrequest.com/requests/new
FL,clay,https://clayelections.gov/,disclaimer,county,Legal Notices,https://clayelections.gov/general-information/legal-notices/
FL,clay,https://clayelections.gov/,disclaimer,county,Legal Notices,https://clayelections.gov/General-RANDOM/Legal-Notices
FL,clay,https://clayelections.gov/,disclaimer,county,DISCLAIMER,https://clayelections.gov/ada-disclaimer
FL,collier,https://www.colliervotes.gov,accessibility,county,Accessibility,https://www.colliervotes.gov/site/accessibility
FL,collier,https://www.colliervotes.gov,copyright,county,Copyright Notices,https://www.colliervotes.gov/copyright
FL,collier,https://www.colliervotes.gov,privacy,county,Privacy Policy,https://www.colliervotes.gov/site/privacy
FL,collier,https://www.colliervotes.gov,records,county,public records request portal,https://www.colliervotes.gov/208/Public-Records-RANDOM
FL,columbia,https://www.votecolumbiafl.gov,disclaimer,county,Legal Notices,https://www.votecolumbiafl.gov/voter_information/legal_notices.php
FL,desoto,https://votedesotofl.gov/,accessibility,other-host,Accessibility,https://soesoftware.com/election-website-accessibility-best-practices/
FL,dixie,https://dixievotes.gov/,records,county,Public Records Requests,https://dixievotes.gov/records-data-and-maps/public-records-requests/
FL,dixie,https://dixievotes.gov/,legal_other,county,Website Policies,https://dixievotes.gov/website-policies
FL,dixie,https://dixievotes.gov/,accessibility,county,welcome feedback on ways to improve the site’s accessibility,https://dixievotes.gov/cdn-cgi/l/email-protection#REDACTED
FL,duval,https://www.duvalelections.gov,privacy,vendor/third-party,Google reCAPTCHA Privacy Policy,https://policies.google.com/privacy
FL,duval,https://www.duvalelections.gov,terms,vendor/third-party,Google Terms of Service,https://policies.google.com/terms
FL,duval,https://www.duvalelections.gov,records,county,Submit an Election Public Records Request,https://www.duvalelections.gov/261/Submit-a-Public-Record-Request
FL,duval,https://www.duvalelections.gov,accessibility,county,Accessibility,https://www.duvalelections.gov/site/accessibility
FL,duval,https://www.duvalelections.gov,copyright,county,Copyright Notices,https://www.duvalelections.gov/copyright
FL,escambia,https://escambiavotes.gov,privacy,county,Privacy Policy,https://escambiavotes.gov/privacy-policy
FL,escambia,https://escambiavotes.gov,accessibility,county,Accessibility Policy,https://escambiavotes.gov/accessibility-policy/
FL,escambia,https://escambiavotes.gov,records,county,Public Records Request Policy,https://escambiavotes.gov/docs/soelibraries/aws/Public-Records-Request-Policy.pdf
FL,flagler,https://www.flaglerelections.gov/Home,disclaimer,county,Legal Notices,https://www.flaglerelections.gov/Get-RANDOM/Legal-Notices
FL,flagler,https://www.flaglerelections.gov/Home,disclaimer,county,Official Election Mail All political mailings are required to have identifying disclaimers. Get Information,https://www.flaglerelections.gov/Get-RANDOM/Election-RANDOM/Official-RANDOM-Mail
FL,flagler,https://www.flaglerelections.gov/Home,accessibility,county,Accessibility,https://www.flaglerelections.gov/Web-RANDOM-RANDOM
FL,flagler,https://www.flaglerelections.gov/Home,privacy,county,Privacy Policy,https://www.flaglerelections.gov/Privacy-Policy
FL,gadsden,https://votegadsdenfl.gov/,legal_other,county,Website Policies,https://votegadsdenfl.gov/website-policies/
FL,gilchrist,https://www.votegilchrist.com,privacy,vendor/third-party,Privacy Policy,http://www.google.com
FL,gilchrist,https://www.votegilchrist.com,terms,vendor/third-party,Terms of Service,http://www.google.com
FL,glades,https://voteglades.gov/,accessibility,other-host,Accessibility,https://soesoftware.com/election-website-accessibility-best-practices/
FL,gulf,https://votegulf.gov/,privacy,county,Privacy Policy,https://votegulf.gov/privacy-policy/
FL,gulf,https://votegulf.gov/,accessibility,county,Accessibility Policy,https://votegulf.gov/accessibility-policy/
FL,hamilton,https://www.hamiltonvotesfl.gov,privacy,county,Privacy Policy,https://www.hamiltonvotesfl.gov/privacy-policy/
FL,hamilton,https://www.hamiltonvotesfl.gov,accessibility,county,Accessibility Policy,https://www.hamiltonvotesfl.gov/accessibility-policy/
FL,hardee,https://hardeeflvotes.gov,accessibility,other-host,Accessibility,https://soesoftware.com/election-website-accessibility-best-practices/
FL,hernando,https://www.hernandovotes.gov,accessibility,county,Vote-by Mail Accessibility Option (PDF),https://www.hernandovotes.gov/DocumentCenter/View/433/Enhanced-Ballot-System-to-Assist-Voters-PDF
FL,hernando,https://www.hernandovotes.gov,accessibility,county,Accessibility,https://www.hernandovotes.gov/site/accessibility
FL,hernando,https://www.hernandovotes.gov,copyright,county,Copyright Notices,https://www.hernandovotes.gov/site/copyright
FL,hernando,https://www.hernandovotes.gov,privacy,county,Privacy Policy,https://www.hernandovotes.gov/site/privacy
FL,hillsborough,https://www.votehillsborough.gov,accessibility,county,Accessibility Statement,https://www.votehillsborough.gov/site/accessibility
FL,hillsborough,https://www.votehillsborough.gov,privacy,vendor/third-party,Privacy Policy,https://fl-hillsboroughcountyelections.civicplus.com/privacy
FL,hillsborough,https://www.votehillsborough.gov,copyright,vendor/third-party,Copyright Notices,https://fl-hillsboroughcountyelections.civicplus.com/copyright
FL,holmes,https://holmeselectionsfl.gov/,disclaimer,county,Legal Notices,https://holmeselectionsfl.gov/legal-notices/
FL,holmes,https://holmeselectionsfl.gov/,accessibility,county,We welcome feedback on ways to improve the site’s accessibility.,https://holmeselectionsfl.gov/contact-us/
FL,holmes,https://holmeselectionsfl.gov/,privacy,county,Privacy Policy,https://holmeselectionsfl.gov/privacy-policy/
FL,holmes,https://holmeselectionsfl.gov/,terms,county,Terms and Condition,https://holmeselectionsfl.gov/terms-and-conditions/
FL,holmes,https://holmeselectionsfl.gov/,accessibility,county,Accessibility Statement,https://holmeselectionsfl.gov/accessibility-statement/
FL,indian_river,https://www.voteindianriver.gov,records,county,Public Records Request Form,https://www.voteindianriver.gov/Documents/Data/Public Records/Public Records Request Form_R PUBLIC RECORD.pdf
FL,indian_river,https://www.voteindianriver.gov,records,county,Public Records Request Policy,https://www.voteindianriver.gov/data/public_records/public_records_request_policy.php
FL,indian_river,https://www.voteindianriver.gov,records,county,Public Records Request Procedures,https://www.voteindianriver.gov/data/public_records/public_records_request_procedures.php
FL,indian_river,https://www.voteindianriver.gov,disclaimer,county,Legal Notice,https://www.voteindianriver.gov/public_notices/legal_notice.php
FL,indian_river,https://www.voteindianriver.gov,accessibility,county,Accessibility Statement,https://www.voteindianriver.gov/accessibility-statement/index.php
FL,jackson,https://votejacksonfl.gov/,disclaimer,county,Legal Notices,https://votejacksonfl.gov/public-records/legal-notices/
FL,jackson,https://votejacksonfl.gov/,records,other-host,Public Records Requests,https://votejacksonfl.nextrequest.com/
FL,jackson,https://votejacksonfl.gov/,accessibility,county,Accessibility Compliance Policy,https://votejacksonfl.gov/general-info/accessibility-compliance-policy/
FL,jackson,https://votejacksonfl.gov/,accessibility,county,welcome feedback on ways to improve the site’s accessibility,https://votejacksonfl.gov/cdn-cgi/l/email-protection#REDACTED
FL,jackson,https://votejacksonfl.gov/,privacy,county,Privacy Policy,https://votejacksonfl.gov/privacy-policy/
FL,jackson,https://votejacksonfl.gov/,terms,county,Terms of Use,https://votejacksonfl.gov/terms-of-use/
FL,jefferson,https://jeffersonvotesfl.gov/,disclaimer,county,Legal Notices,https://jeffersonvotesfl.gov/legal-notices/
FL,jefferson,https://jeffersonvotesfl.gov/,privacy,county,Privacy Policy,https://jeffersonvotesfl.gov/privacy-policy/
FL,jefferson,https://jeffersonvotesfl.gov/,accessibility,county,Accessibility Policy,https://jeffersonvotesfl.gov/accessibility-policy/
FL,lafayette,https://lafayettevotes.net/,accessibility,county,We welcome feedback on ways to improve the site’s accessibility.,https://lafayettevotes.net/general-info/contact-us/
FL,lafayette,https://lafayettevotes.net/,privacy,county,Privacy Policy,https://lafayettevotes.net/privacy-policy/
FL,lafayette,https://lafayettevotes.net/,terms,county,Terms and Conditions,https://lafayettevotes.net/terms-and-conditions/
FL,lake,https://www.lakevotes.gov,records,other-host,Public Records Requests,https://lakecountysoefl.nextrequest.com/
FL,lake,https://www.lakevotes.gov,accessibility,county,Accessibility,https://www.lakevotes.gov/site/accessibility
FL,lake,https://www.lakevotes.gov,copyright,county,Copyright Notices,https://www.lakevotes.gov/copyright
FL,lake,https://www.lakevotes.gov,privacy,county,Privacy Policy,https://www.lakevotes.gov/site/privacy
FL,lee,https://www.lee.vote,records,county,Public Records Request,https://www.lee.vote/302/Public-Records-Request
FL,leon,https://www.leonvotes.gov/,records,county,Public Records Request,https://www.leonvotes.gov/Records/Public-Records-Request
FL,leon,https://www.leonvotes.gov/,records,county,Public Records Request Policy,https://www.leonvotes.gov/Records/Public-Records-Request/Public-Records-Request-Policy
FL,leon,https://www.leonvotes.gov/,privacy,county,Privacy Policy,https://www.leonvotes.gov/Privacy-Policy
FL,leon,https://www.leonvotes.gov/,accessibility,county,Accessibility,https://www.leonvotes.gov/Voting/Accessible-Voting
FL,levy,https://www.votelevy.gov/,records,county,Public Records Request,https://www.votelevy.gov/resources/public-records-request/
FL,levy,https://www.votelevy.gov/,privacy,county,Privacy Policy,https://www.votelevy.gov/privacy-policy/
FL,levy,https://www.votelevy.gov/,accessibility,county,Accessibility Policy,https://www.votelevy.gov/accessibility-policy/
FL,liberty,https://libertycountyflsoe.gov,accessibility,county,Accessibility Statement,https://libertycountyflsoe.gov/supervisor-of-elections/accessibility-statement/
FL,liberty,https://libertycountyflsoe.gov,privacy,county,Privacy Policy,https://libertycountyflsoe.gov/privacy-policy/
FL,liberty,https://libertycountyflsoe.gov,terms,county,Terms of Use,https://libertycountyflsoe.gov/terms-of-use/
FL,madison,https://www.votemadison.com,privacy,county,Privacy Policy,https://www.votemadison.com/privacy-policy/
FL,madison,https://www.votemadison.com,accessibility,county,Accessibility Policy,https://www.votemadison.com/accessibility-policy/
FL,manatee,https://www.votemanatee.gov,disclaimer,county,Legal Notices,https://www.votemanatee.gov/legal-notices/
FL,manatee,https://www.votemanatee.gov,records,county,Public Records Request Form,https://www.votemanatee.gov/wp-content/uploads/2026/03/Data-Form-02-02-2024.pdf
FL,manatee,https://www.votemanatee.gov,accessibility,county,Website Accessibility,https://www.votemanatee.gov/accessibility/
FL,marion,https://www.votemarion.gov,accessibility,county,Accessibility,https://www.votemarion.gov/site/accessibility
FL,marion,https://www.votemarion.gov,copyright,county,Copyright Notices,https://www.votemarion.gov/copyright
FL,marion,https://www.votemarion.gov,privacy,county,Privacy Policy,https://www.votemarion.gov/site/privacy
FL,miami-dade,https://www.votemiamidade.gov/elections/home.page,disclaimer,county,News & Legal Notices,https://www.votemiamidade.gov/elections/news/home.page
FL,miami-dade,https://www.votemiamidade.gov/elections/home.page,disclaimer,county,Legal Notices,https://www.votemiamidade.gov/elections/news/legal-ads.page?ORGANIZATION=org146299202858021
FL,miami-dade,https://www.votemiamidade.gov/elections/home.page,privacy,county,Privacy Statement,https://www.votemiamidade.gov/elections/privacy-and-security.page
FL,miami-dade,https://www.votemiamidade.gov/elections/home.page,accessibility,county,ADA Notice,https://www.votemiamidade.gov/elections/ada-notice.page
FL,miami-dade,https://www.votemiamidade.gov/elections/home.page,disclaimer,county,Disclaimer,https://www.votemiamidade.gov/elections/disclaimer.page
FL,monroe,https://www.votemonroeflkeys.gov/,records,county,Public Records Request,https://www.votemonroeflkeys.gov/Quick-Links/Public-Records-Request
FL,nassau,https://www.votenassaufl.gov,accessibility,county,Accessibility Policy,https://www.votenassaufl.gov/accessibility-policy
FL,nassau,https://www.votenassaufl.gov,privacy,county,Privacy Policy,https://www.votenassaufl.gov/privacy-policy
FL,nassau,https://www.votenassaufl.gov,privacy,county,Privacy Policy,https://www.votenassaufl.gov/privacy-policy0ffe1c31
FL,nassau,https://www.votenassaufl.gov,terms,county,Terms of Service,https://www.votenassaufl.gov/terms-of-service
FL,okaloosa,https://www.voteokaloosa.gov,records,county,Public Records Request,https://www.voteokaloosa.gov/resources/public-records-request/
FL,okaloosa,https://www.voteokaloosa.gov,privacy,county,Privacy Policy,https://www.voteokaloosa.gov/privacy-policy/
FL,okaloosa,https://www.voteokaloosa.gov,accessibility,county,Accessibility Policy,https://www.voteokaloosa.gov/accessibility-policy/
FL,okeechobee,https://voteokeechobee.gov/,accessibility,other-host,,https://soesoftware.com/election-website-accessibility-best-practices/
FL,okeechobee,https://voteokeechobee.gov/,accessibility,other-host,Accessibility Policy,https://soesoftware.com/accessibility-management/
FL,orange,https://voteorangefl.gov/,disclaimer,county,"News & Legal Ads Stay up to date with official announcements, press releases, and legal notices.",https://voteorangefl.gov/news-legal-ads/
FL,orange,https://voteorangefl.gov/,disclaimer,county,Disclaimer Review important legal information about this website.,https://voteorangefl.gov/disclaimer/
FL,orange,https://voteorangefl.gov/,accessibility,county,Accessibility Learn about voting options and resources for voters with disabilities.,https://voteorangefl.gov/accessibility/
FL,orange,https://voteorangefl.gov/,records,county,Submit A Public Records Request,https://voteorangefl.gov/submit-a-public-records-request/
FL,osceola,https://www.voteosceola.gov/en-us/,records,other-host,Make a Public Records Request,https://voteosceola.justfoia.com/publicportal/home/newrequest
FL,palm_beach,https://www.votepalmbeach.gov,records,other-host,Public Records Request,https://palm-beach-county-soe-fl.nextrequest.com/
FL,palm_beach,https://www.votepalmbeach.gov,accessibility,county,Accessibility,https://www.votepalmbeach.gov/site/accessibility
FL,palm_beach,https://www.votepalmbeach.gov,copyright,county,Copyright Notices,https://www.votepalmbeach.gov/copyright
FL,palm_beach,https://www.votepalmbeach.gov,privacy,county,Privacy Policy,https://www.votepalmbeach.gov/site/privacy
FL,pasco,https://www.pascovotes.gov,accessibility,county,Accessibility Policy,https://www.pascovotes.gov/supervisor_of_elections/accessibility_policy.php
FL,pasco,https://www.pascovotes.gov,records,county,Public Records Policy,https://www.pascovotes.gov/Documents/Supervisor Of Elections/PublicRecordsRequests.pdf
FL,pasco,https://www.pascovotes.gov,records,county,Public Records Policy (pdf),https://www.pascovotes.gov/Documents/Supervisor%20Of%20Elections/PublicRecordsRequests.pdf
FL,pasco,https://www.pascovotes.gov,disclaimer,county,Disclaimer of Privacy Policy,https://www.pascovotes.gov/privacy_policy/index.php
FL,pinellas,https://www.votepinellas.gov,accessibility,county,Accessibility,https://www.votepinellas.gov/site/accessibility
FL,pinellas,https://www.votepinellas.gov,copyright,county,Copyright Notices,https://www.votepinellas.gov/374/Copyright-Notice
FL,pinellas,https://www.votepinellas.gov,privacy,county,Privacy Policy,https://www.votepinellas.gov/site/privacy
FL,polk,https://www.polkelections.gov,accessibility,county,Accessibility,https://www.polkelections.gov/site/accessibility
FL,polk,https://www.polkelections.gov,copyright,county,Copyright Notices,https://www.polkelections.gov/copyright
FL,polk,https://www.polkelections.gov,privacy,county,Privacy Policy,https://www.polkelections.gov/site/privacy
FL,putnam,https://www.voteputnamflorida.gov/,records,county,Public Records Requests,https://www.voteputnamflorida.gov/resources/public_records_requests.php
FL,santa_rosa,https://votesantarosa.gov/,accessibility,other-host,Accessibility,https://soesoftware.com/election-website-accessibility-best-practices/
FL,sarasota,https://www.sarasotavotes.gov,accessibility,county,Accessibility,https://www.sarasotavotes.gov/site/accessibility
FL,sarasota,https://www.sarasotavotes.gov,copyright,county,Copyright Notices,https://www.sarasotavotes.gov/copyright
FL,seminole,https://voteseminole.gov/,records,county,Public Records Requests Request election-related public records.,https://voteseminole.gov/maps-data-and-records/public-records-requests/
FL,st._johns,https://www.votesjc.gov,records,county,Public Records Requests,https://www.votesjc.gov/public-records-requests
FL,st._johns,https://www.votesjc.gov,privacy,county,Privacy Policy,https://www.votesjc.gov/privacy-policy
FL,st._lucie,https://www.stlucievotes.gov,records,other-host,Public Records Request,https://stluciecountysoefl.nextrequest.com/
FL,st._lucie,https://www.stlucievotes.gov,records,county,Public Records Request Policy,https://www.stlucievotes.gov/public_record_request_policy.php
FL,sumter,https://elections.sumtercountyfl.gov,accessibility,county,Accessibility,https://elections.sumtercountyfl.gov/site/accessibility
FL,sumter,https://elections.sumtercountyfl.gov,copyright,county,Copyright Notices,https://elections.sumtercountyfl.gov/copyright
FL,sumter,https://elections.sumtercountyfl.gov,privacy,county,Privacy Policy,https://elections.sumtercountyfl.gov/site/privacy
FL,suwannee,https://www.suwanneevotes.com,records,county,Public Records Request,https://www.suwanneevotes.com/public-records-request/
FL,suwannee,https://www.suwanneevotes.com,privacy,county,Privacy Policy,https://www.suwanneevotes.com/privacy-policy/
FL,suwannee,https://www.suwanneevotes.com,accessibility,county,Accessibility Policy,https://www.suwanneevotes.com/accessibility-policy/
FL,taylor,https://www.taylorelectionsfl.gov,records,county,Public Records Request,https://www.taylorelectionsfl.gov/public-records-request/
FL,taylor,https://www.taylorelectionsfl.gov,disclaimer,county,"August 14, 2026 Voter Eligibility Notice August 14, 2026 Legal Notice Pursuant to F.F.98.075, notice is hereby given to ",https://www.taylorelectionsfl.gov/announcements/voter-eligibility-notice-4/
FL,taylor,https://www.taylorelectionsfl.gov,privacy,county,Privacy Policy,https://www.taylorelectionsfl.gov/privacy-policy/
FL,taylor,https://www.taylorelectionsfl.gov,accessibility,county,Accessibility Policy,https://www.taylorelectionsfl.gov/accessibility-policy/
FL,union,https://unionflvotes.com/,privacy,county,Privacy Policy,https://unionflvotes.com/privacy-policy/
FL,union,https://unionflvotes.com/,accessibility,county,Accessibility Policy,https://unionflvotes.com/accessibility-policy/
FL,volusia,https://www.volusiaelections.gov/,privacy,county,Web Accessibility and Privacy Policy,https://www.volusiaelections.gov/web-accessibility-policy.stml
FL,wakulla,https://wakullavotes.gov/,accessibility,county,welcome feedback on ways to improve the site’s accessibility,https://wakullavotes.gov/cdn-cgi/l/email-protection#REDACTED
FL,wakulla,https://wakullavotes.gov/,terms,county,Privacy Policy & Terms of Use,https://wakullavotes.gov/privacy-policy/
FL,walton,https://votewalton.gov/,terms,county,Privacy Policy & Terms of Use,https://votewalton.gov/privacy-policy-and-terms/
FL,washington,https://wcsoe.gov/,records,county,Public Records Request,https://wcsoe.gov/public-records-request/
FL,washington,https://wcsoe.gov/,accessibility,county,welcome feedback on ways to improve the site’s accessibility.,https://wcsoe.gov/cdn-cgi/l/email-protection#REDACTED
FL,washington,https://wcsoe.gov/,privacy,county,Privacy Policy,https://wcsoe.gov/privacy-policy/
FL,washington,https://wcsoe.gov/,terms,county,Terms of Use,https://wcsoe.gov/terms-of-use/
FL,washington,https://wcsoe.gov/,accessibility,county,Accessibility Policy,https://wcsoe.gov/accessibility-policy/
